model_type,label,train_sample_size,rows,feynman_functions,random_seeds,test_eval_nrmse_median,test_eval_nrmse_q25,test_eval_nrmse_q75,test_eval_nrmse_mean,test_eval_nrmse_std,runtime_seconds_median,runtime_seconds_q25,runtime_seconds_q75
kan_bspline,KAN B-spline,10,114,27,5,0.717644,0.527197,0.946238,0.723489,0.333785,756.391926,579.600926,921.946231
kan_bspline,KAN B-spline,20,114,27,5,0.478156,0.236462,0.761511,0.516072,0.308032,781.49338,599.071656,951.05203
kan_bspline,KAN B-spline,30,114,27,5,0.282156,0.160185,0.490975,0.35994,0.265345,876.009939,679.920849,1050.663873
kan_bspline,KAN B-spline,40,114,27,5,0.230215,0.11741,0.405066,0.304539,0.259976,916.369818,747.344362,1195.351146
kan_bspline,KAN B-spline,50,114,27,5,0.176278,0.086138,0.293429,0.247952,0.24901,958.666152,793.712643,1258.006572
kan_bspline,KAN B-spline,100,113,27,5,0.101176,0.04834,0.202454,0.182884,0.229546,919.046438,778.243665,1196.471128
kan_bspline,KAN B-spline,200,113,27,5,0.0995,0.048041,0.198183,0.185047,0.239257,963.979559,818.042115,1354.763958
kan_bspline,KAN B-spline,500,113,27,5,0.052845,0.033243,0.120611,0.138894,0.218359,989.036945,870.221561,1434.427651
kan_bspline,KAN B-spline,1000,113,27,5,0.06085,0.028459,0.118296,0.135493,0.220837,1041.764694,896.363088,1429.35631
kan_gaussrbf,KAN Gaussian RBF,10,114,27,5,0.764031,0.57879,0.95098,0.757389,0.276629,374.40725,274.500433,461.609146
kan_gaussrbf,KAN Gaussian RBF,20,114,27,5,0.525834,0.304558,0.774247,0.550284,0.285587,393.499478,298.362901,505.132831
kan_gaussrbf,KAN Gaussian RBF,30,114,27,5,0.378132,0.199166,0.550809,0.405232,0.254478,436.799676,332.903045,532.129191
kan_gaussrbf,KAN Gaussian RBF,40,114,27,5,0.254919,0.157999,0.462368,0.342533,0.25561,471.413194,361.760081,620.5638
kan_gaussrbf,KAN Gaussian RBF,50,114,27,5,0.190944,0.105562,0.360223,0.296855,0.303059,473.339446,386.686724,663.553804
kan_gaussrbf,KAN Gaussian RBF,100,114,27,5,0.094097,0.050177,0.190352,0.186411,0.244213,482.904708,402.020048,691.92752
kan_gaussrbf,KAN Gaussian RBF,200,113,27,5,0.070896,0.036499,0.164561,0.158334,0.229838,496.572339,414.825671,728.958608
kan_gaussrbf,KAN Gaussian RBF,500,113,27,5,0.049441,0.028266,0.088936,0.120676,0.213854,505.373927,443.306217,748.761968
kan_gaussrbf,KAN Gaussian RBF,1000,113,27,5,0.045149,0.025899,0.079676,0.11366,0.213852,576.086193,474.619989,768.006063
mlp_relu,MLP ReLU,10,126,27,5,0.57124,0.337515,0.75779,0.569735,0.287011,129.339494,106.870654,168.196665
mlp_relu,MLP ReLU,20,126,27,5,0.367913,0.17811,0.547839,0.417956,0.299648,144.902568,123.162237,186.416854
mlp_relu,MLP ReLU,30,126,27,5,0.270195,0.14162,0.4257,0.323797,0.242397,150.766561,130.360404,193.343218
mlp_relu,MLP ReLU,40,126,27,5,0.20869,0.11006,0.343163,0.280795,0.229489,157.63287,135.607277,193.529823
mlp_relu,MLP ReLU,50,126,27,5,0.204878,0.087763,0.3114,0.255053,0.224103,166.860855,139.854907,201.485058
mlp_relu,MLP ReLU,100,125,27,5,0.13018,0.07838,0.269312,0.207021,0.20263,170.284982,138.951525,198.036619
mlp_relu,MLP ReLU,200,125,27,5,0.149624,0.076471,0.27035,0.20393,0.199398,170.458647,142.309082,194.243637
mlp_relu,MLP ReLU,500,125,27,5,0.11489,0.067211,0.215737,0.169762,0.187945,182.568934,154.048087,200.322984
mlp_relu,MLP ReLU,1000,125,27,5,0.094254,0.063842,0.212463,0.166351,0.188558,179.048954,151.386116,203.333617
mlp_sigmoid,MLP sigmoid,10,128,27,5,0.668716,0.396218,0.841348,0.61515,0.274039,131.168902,109.125233,175.738683
mlp_sigmoid,MLP sigmoid,20,128,27,5,0.460152,0.237687,0.659441,0.443279,0.242444,135.404239,118.00443,182.559563
mlp_sigmoid,MLP sigmoid,30,128,27,5,0.312529,0.194489,0.474544,0.360943,0.217439,142.528977,123.619379,193.327219
mlp_sigmoid,MLP sigmoid,40,128,27,5,0.304113,0.168765,0.435999,0.337457,0.215088,142.431322,125.758002,192.363725
mlp_sigmoid,MLP sigmoid,50,128,27,5,0.290302,0.157024,0.432395,0.316992,0.209024,154.812743,131.064257,194.094492
mlp_sigmoid,MLP sigmoid,100,127,27,5,0.37127,0.180161,0.533205,0.372994,0.227096,149.669841,130.548908,186.228511
mlp_sigmoid,MLP sigmoid,200,127,27,5,0.514674,0.331323,0.625992,0.487874,0.228551,147.588608,127.289941,194.736385
mlp_sigmoid,MLP sigmoid,500,127,27,5,0.410209,0.224223,0.560315,0.415994,0.227855,156.279701,137.932731,194.425401
mlp_sigmoid,MLP sigmoid,1000,127,27,5,0.43508,0.254546,0.567416,0.433871,0.224146,155.280282,136.24006,197.095325
