train_sample_size,paired_comparisons,kan_wins,mlp_wins,kan_win_share,preferred_gap_direction,kan_minus_mlp_median,kan_minus_mlp_q25,kan_minus_mlp_q75,kan_minus_mlp_mean
10,114,12,102,0.105263,negative_kan_better,0.113306,0.042528,0.201487,0.134669
20,114,29,85,0.254386,negative_kan_better,0.060408,-0.000119,0.154747,0.0853
30,114,48,66,0.421053,negative_kan_better,0.010402,-0.040953,0.082567,0.021605
40,114,67,47,0.587719,negative_kan_better,-0.01152,-0.045248,0.030465,0.000118
50,114,75,39,0.657895,negative_kan_better,-0.021718,-0.056452,0.008752,-0.022075
100,114,105,9,0.921053,negative_kan_better,-0.03974,-0.08239,-0.018952,-0.051555
200,113,106,7,0.938053,negative_kan_better,-0.048675,-0.095814,-0.028023,-0.057118
500,113,106,7,0.938053,negative_kan_better,-0.04696,-0.109725,-0.023856,-0.058765
1000,113,108,5,0.955752,negative_kan_better,-0.0505,-0.119984,-0.023928,-0.062571
