model_type,label,train_sample_size,train_steps,rows,test_eval_nrmse_median,test_eval_nrmse_q25,test_eval_nrmse_q75,test_eval_nrmse_mean
kan_bspline,KAN B-spline,100,100,114,0.964694,0.925598,0.985476,0.954666
kan_bspline,KAN B-spline,100,200,114,0.763717,0.671347,0.855783,0.754602
kan_bspline,KAN B-spline,100,300,114,0.527412,0.430924,0.652608,0.542474
kan_bspline,KAN B-spline,100,400,114,0.409736,0.266025,0.515291,0.422943
kan_bspline,KAN B-spline,100,500,114,0.295787,0.197692,0.447454,0.353659
kan_bspline,KAN B-spline,100,600,114,0.246364,0.148873,0.391245,0.310506
kan_bspline,KAN B-spline,100,700,114,0.213117,0.123032,0.326795,0.279504
kan_bspline,KAN B-spline,100,800,114,0.183987,0.104279,0.294157,0.256701
kan_bspline,KAN B-spline,100,900,114,0.163627,0.088791,0.259819,0.239745
kan_bspline,KAN B-spline,100,1000,114,0.14433,0.076193,0.248315,0.225654
kan_bspline,KAN B-spline,100,1100,114,0.131727,0.06801,0.226659,0.214748
kan_bspline,KAN B-spline,100,1200,114,0.120927,0.06149,0.220902,0.205428
kan_bspline,KAN B-spline,100,1300,114,0.112483,0.056007,0.211523,0.19692
kan_bspline,KAN B-spline,100,1400,113,0.105985,0.051546,0.208199,0.189243
kan_bspline,KAN B-spline,100,1500,113,0.101176,0.04834,0.202454,0.182884
kan_gaussrbf,KAN Gaussian RBF,100,100,114,0.791823,0.713305,0.8742,0.776913
kan_gaussrbf,KAN Gaussian RBF,100,200,114,0.490104,0.37981,0.623803,0.500231
kan_gaussrbf,KAN Gaussian RBF,100,300,114,0.352519,0.221196,0.47001,0.382029
kan_gaussrbf,KAN Gaussian RBF,100,400,114,0.273453,0.15806,0.388349,0.322198
kan_gaussrbf,KAN Gaussian RBF,100,500,114,0.215272,0.128225,0.3299,0.283045
kan_gaussrbf,KAN Gaussian RBF,100,600,114,0.185898,0.103761,0.292452,0.257689
kan_gaussrbf,KAN Gaussian RBF,100,700,114,0.168069,0.088517,0.269189,0.239845
kan_gaussrbf,KAN Gaussian RBF,100,800,114,0.149813,0.082363,0.248978,0.226348
kan_gaussrbf,KAN Gaussian RBF,100,900,114,0.138499,0.076348,0.234204,0.216011
kan_gaussrbf,KAN Gaussian RBF,100,1000,114,0.128095,0.066786,0.224679,0.208045
kan_gaussrbf,KAN Gaussian RBF,100,1100,114,0.120091,0.059403,0.215959,0.201715
kan_gaussrbf,KAN Gaussian RBF,100,1200,114,0.114762,0.055151,0.204386,0.196652
kan_gaussrbf,KAN Gaussian RBF,100,1300,114,0.10651,0.053603,0.198901,0.192559
kan_gaussrbf,KAN Gaussian RBF,100,1400,114,0.099861,0.052043,0.194299,0.189198
kan_gaussrbf,KAN Gaussian RBF,100,1500,114,0.094097,0.050177,0.190352,0.186411
mlp_relu,MLP ReLU,100,100,125,0.789739,0.604971,0.877185,0.727428
mlp_relu,MLP ReLU,100,200,125,0.567295,0.326323,0.682778,0.515076
mlp_relu,MLP ReLU,100,300,125,0.425199,0.196035,0.554934,0.399423
mlp_relu,MLP ReLU,100,400,125,0.314103,0.163707,0.47064,0.346849
mlp_relu,MLP ReLU,100,500,125,0.283926,0.138822,0.430718,0.314025
mlp_relu,MLP ReLU,100,600,125,0.260522,0.124302,0.398295,0.29089
mlp_relu,MLP ReLU,100,700,125,0.235862,0.114894,0.37671,0.273555
mlp_relu,MLP ReLU,100,800,125,0.214213,0.107578,0.361431,0.259941
mlp_relu,MLP ReLU,100,900,125,0.190046,0.099339,0.344425,0.248748
mlp_relu,MLP ReLU,100,1000,125,0.17864,0.093608,0.32321,0.239247
mlp_relu,MLP ReLU,100,1100,125,0.163562,0.089952,0.306371,0.230844
mlp_relu,MLP ReLU,100,1200,125,0.151314,0.086414,0.295742,0.223658
mlp_relu,MLP ReLU,100,1300,125,0.141641,0.084028,0.28589,0.217222
mlp_relu,MLP ReLU,100,1400,125,0.133172,0.081292,0.277404,0.211791
mlp_relu,MLP ReLU,100,1500,125,0.13018,0.07838,0.269312,0.207021
mlp_sigmoid,MLP sigmoid,100,100,128,0.945856,0.87893,0.99277,0.920166
mlp_sigmoid,MLP sigmoid,100,200,128,0.865262,0.770337,0.974721,0.831792
mlp_sigmoid,MLP sigmoid,100,300,128,0.785429,0.626768,0.94638,0.762562
mlp_sigmoid,MLP sigmoid,100,400,128,0.746054,0.614085,0.888931,0.718276
mlp_sigmoid,MLP sigmoid,100,500,128,0.725154,0.552596,0.868798,0.68197
mlp_sigmoid,MLP sigmoid,100,600,128,0.692694,0.520032,0.856151,0.649965
mlp_sigmoid,MLP sigmoid,100,700,128,0.663097,0.482474,0.807032,0.617285
mlp_sigmoid,MLP sigmoid,100,800,128,0.607541,0.438869,0.733458,0.581171
mlp_sigmoid,MLP sigmoid,100,900,128,0.584178,0.376088,0.709145,0.543549
mlp_sigmoid,MLP sigmoid,100,1000,127,0.530507,0.314718,0.651526,0.506599
mlp_sigmoid,MLP sigmoid,100,1100,127,0.48166,0.278823,0.624842,0.472817
mlp_sigmoid,MLP sigmoid,100,1200,127,0.445195,0.251916,0.595895,0.442554
mlp_sigmoid,MLP sigmoid,100,1300,127,0.420842,0.214725,0.56524,0.415821
mlp_sigmoid,MLP sigmoid,100,1400,127,0.38928,0.193465,0.552254,0.392477
mlp_sigmoid,MLP sigmoid,100,1500,127,0.37127,0.180161,0.533205,0.372994
