train_sample_size,model_type,label,wins,comparisons,win_share
10,kan_bspline,KAN B-spline,14,126,0.111111
10,kan_gaussrbf,KAN Gaussian RBF,3,126,0.02381
10,mlp_relu,MLP ReLU,71,126,0.563492
10,mlp_sigmoid,MLP sigmoid,38,126,0.301587
20,kan_bspline,KAN B-spline,31,126,0.246032
20,kan_gaussrbf,KAN Gaussian RBF,3,126,0.02381
20,mlp_relu,MLP ReLU,61,126,0.484127
20,mlp_sigmoid,MLP sigmoid,31,126,0.246032
30,kan_bspline,KAN B-spline,41,126,0.325397
30,kan_gaussrbf,KAN Gaussian RBF,7,126,0.055556
30,mlp_relu,MLP ReLU,57,126,0.452381
30,mlp_sigmoid,MLP sigmoid,21,126,0.166667
40,kan_bspline,KAN B-spline,53,126,0.420635
40,kan_gaussrbf,KAN Gaussian RBF,14,126,0.111111
40,mlp_relu,MLP ReLU,45,126,0.357143
40,mlp_sigmoid,MLP sigmoid,14,126,0.111111
50,kan_bspline,KAN B-spline,55,126,0.436508
50,kan_gaussrbf,KAN Gaussian RBF,20,126,0.15873
50,mlp_relu,MLP ReLU,40,126,0.31746
50,mlp_sigmoid,MLP sigmoid,11,126,0.087302
100,kan_bspline,KAN B-spline,54,125,0.432
100,kan_gaussrbf,KAN Gaussian RBF,51,125,0.408
100,mlp_relu,MLP ReLU,20,125,0.16
100,mlp_sigmoid,MLP sigmoid,0,125,0.0
200,kan_bspline,KAN B-spline,34,125,0.272
200,kan_gaussrbf,KAN Gaussian RBF,72,125,0.576
200,mlp_relu,MLP ReLU,19,125,0.152
200,mlp_sigmoid,MLP sigmoid,0,125,0.0
500,kan_bspline,KAN B-spline,36,125,0.288
500,kan_gaussrbf,KAN Gaussian RBF,70,125,0.56
500,mlp_relu,MLP ReLU,19,125,0.152
500,mlp_sigmoid,MLP sigmoid,0,125,0.0
1000,kan_bspline,KAN B-spline,31,125,0.248
1000,kan_gaussrbf,KAN Gaussian RBF,77,125,0.616
1000,mlp_relu,MLP ReLU,17,125,0.136
1000,mlp_sigmoid,MLP sigmoid,0,125,0.0
