train_episodes,gap_mean,gap_std,steps_mean,environment_id,best_kan_setup_id,best_mlp_setup_id
50,0.0,0.0,24969.85,Acrobot-v1,kan_bspline_h16x16,mlp_relu_h64
100,0.0,0.0,49891.5,Acrobot-v1,kan_bspline_h16x16,mlp_relu_h64
150,0.0,0.0,74821.6,Acrobot-v1,kan_bspline_h16x16,mlp_relu_h64
200,0.0,0.0,99785.45,Acrobot-v1,kan_bspline_h16x16,mlp_relu_h64
250,0.0,0.0,124754.1,Acrobot-v1,kan_bspline_h16x16,mlp_relu_h64
300,-25.98,82.1559736111745,149684.05,Acrobot-v1,kan_bspline_h16x16,mlp_relu_h64
350,-26.22,82.9149202496149,174598.55,Acrobot-v1,kan_bspline_h16x16,mlp_relu_h64
400,0.0,0.0,199539.6,Acrobot-v1,kan_bspline_h16x16,mlp_relu_h64
450,0.0,0.0,224487.25,Acrobot-v1,kan_bspline_h16x16,mlp_relu_h64
500,0.0,0.0,249424.1,Acrobot-v1,kan_bspline_h16x16,mlp_relu_h64
550,0.0,0.0,274369.55,Acrobot-v1,kan_bspline_h16x16,mlp_relu_h64
600,-26.419999999999998,83.54737578164858,299278.4,Acrobot-v1,kan_bspline_h16x16,mlp_relu_h64
650,-0.21999999999999886,106.47250871051696,324188.35,Acrobot-v1,kan_bspline_h16x16,mlp_relu_h64
700,-1.5800000000000012,4.996398703066043,349117.95,Acrobot-v1,kan_bspline_h16x16,mlp_relu_h64
750,-5.439999999999998,17.202790471315975,374027.9,Acrobot-v1,kan_bspline_h16x16,mlp_relu_h64
800,-36.540000000000006,102.3326188900142,398981.05,Acrobot-v1,kan_bspline_h16x16,mlp_relu_h64
850,-10.12,22.505939956672176,423939.0,Acrobot-v1,kan_bspline_h16x16,mlp_relu_h64
900,-35.059999999999995,98.41599011904069,448870.3,Acrobot-v1,kan_bspline_h16x16,mlp_relu_h64
950,-36.059999999999995,99.78073962443854,473820.65,Acrobot-v1,kan_bspline_h16x16,mlp_relu_h64
1000,-20.28,53.83499068656205,498700.7,Acrobot-v1,kan_bspline_h16x16,mlp_relu_h64
1050,-31.5,99.61174629530394,523573.15,Acrobot-v1,kan_bspline_h16x16,mlp_relu_h64
1100,0.0,0.0,548464.35,Acrobot-v1,kan_bspline_h16x16,mlp_relu_h64
1150,-31.1,98.3468352312366,573363.9,Acrobot-v1,kan_bspline_h16x16,mlp_relu_h64
1200,-20.78,65.71212977829893,598242.6,Acrobot-v1,kan_bspline_h16x16,mlp_relu_h64
1250,-57.67999999999999,94.56859708991963,623042.15,Acrobot-v1,kan_bspline_h16x16,mlp_relu_h64
1300,-53.17999999999999,114.8942876444836,647710.3,Acrobot-v1,kan_bspline_h16x16,mlp_relu_h64
1350,-1.2800000000000011,97.90608652059267,672303.55,Acrobot-v1,kan_bspline_h16x16,mlp_relu_h64
1400,-108.92,145.88266822651994,696907.45,Acrobot-v1,kan_bspline_h16x16,mlp_relu_h64
1450,-139.6,154.2947539973771,721152.65,Acrobot-v1,kan_bspline_h16x16,mlp_relu_h64
1500,-132.38,172.2356383304893,745321.45,Acrobot-v1,kan_bspline_h16x16,mlp_relu_h64
1550,-138.92000000000002,129.4174709140067,769191.4,Acrobot-v1,kan_bspline_h16x16,mlp_relu_h64
1600,-150.94,152.54169703177337,792603.05,Acrobot-v1,kan_bspline_h16x16,mlp_relu_h64
1650,-118.58,166.09404163505283,815645.8,Acrobot-v1,kan_bspline_h16x16,mlp_relu_h64
1700,-173.06,174.3242457797155,838110.95,Acrobot-v1,kan_bspline_h16x16,mlp_relu_h64
1750,-177.94,167.25823148652503,859996.55,Acrobot-v1,kan_bspline_h16x16,mlp_relu_h64
1800,-198.48,179.27962516694416,880948.9,Acrobot-v1,kan_bspline_h16x16,mlp_relu_h64
1850,-220.26,159.25490538406936,901115.95,Acrobot-v1,kan_bspline_h16x16,mlp_relu_h64
1900,-259.62,181.71287363432577,920687.65,Acrobot-v1,kan_bspline_h16x16,mlp_relu_h64
1950,-275.65999999999997,175.0276435309577,939405.55,Acrobot-v1,kan_bspline_h16x16,mlp_relu_h64
2000,-332.12,127.51230703129971,957504.15,Acrobot-v1,kan_bspline_h16x16,mlp_relu_h64
2050,-311.6,149.7310180883633,975093.55,Acrobot-v1,kan_bspline_h16x16,mlp_relu_h64
2100,-315.24,147.22930867640903,992335.55,Acrobot-v1,kan_bspline_h16x16,mlp_relu_h64
2150,-289.65999999999997,146.56323777355172,1009236.55,Acrobot-v1,kan_bspline_h16x16,mlp_relu_h64
2200,-289.44,160.8022332625459,1025846.2,Acrobot-v1,kan_bspline_h16x16,mlp_relu_h64
2250,-313.78000000000003,167.9564348276064,1042315.2,Acrobot-v1,kan_bspline_h16x16,mlp_relu_h64
2300,-319.41999999999996,124.38200834525867,1058549.4,Acrobot-v1,kan_bspline_h16x16,mlp_relu_h64
2350,-298.2,179.47615130955114,1074575.8,Acrobot-v1,kan_bspline_h16x16,mlp_relu_h64
2400,-355.54,122.8999611246661,1090510.65,Acrobot-v1,kan_bspline_h16x16,mlp_relu_h64
2450,-295.06,165.13240613385236,1106343.6,Acrobot-v1,kan_bspline_h16x16,mlp_relu_h64
2500,-363.3,98.29593639164902,1122058.15,Acrobot-v1,kan_bspline_h16x16,mlp_relu_h64
2550,-398.58000000000004,25.179965581125533,1137659.7,Acrobot-v1,kan_bspline_h16x16,mlp_relu_h64
2600,-326.86,118.82607457961404,1153323.15,Acrobot-v1,kan_bspline_h16x16,mlp_relu_h64
2650,-353.91999999999996,132.33684965941188,1168896.85,Acrobot-v1,kan_bspline_h16x16,mlp_relu_h64
2700,-287.68,193.53920533059963,1184464.95,Acrobot-v1,kan_bspline_h16x16,mlp_relu_h64
2750,-317.15999999999997,156.7031957413618,1199998.0,Acrobot-v1,kan_bspline_h16x16,mlp_relu_h64
2800,-284.62,166.49712576765072,1215401.95,Acrobot-v1,kan_bspline_h16x16,mlp_relu_h64
2850,-298.62,189.0340698275196,1230792.5,Acrobot-v1,kan_bspline_h16x16,mlp_relu_h64
2900,-332.98,126.85625986393684,1246082.7,Acrobot-v1,kan_bspline_h16x16,mlp_relu_h64
2950,-381.82,105.21290372911068,1261271.85,Acrobot-v1,kan_bspline_h16x16,mlp_relu_h64
3000,-275.06,178.3130842086469,1276444.8,Acrobot-v1,kan_bspline_h16x16,mlp_relu_h64
3050,-283.34000000000003,176.04603059679843,1291463.85,Acrobot-v1,kan_bspline_h16x16,mlp_relu_h64
3100,-279.98,164.00451077807452,1306351.9,Acrobot-v1,kan_bspline_h16x16,mlp_relu_h64
3150,-278.9,174.22785209157703,1320868.0,Acrobot-v1,kan_bspline_h16x16,mlp_relu_h64
3200,-265.58000000000004,162.80817478793188,1335157.95,Acrobot-v1,kan_bspline_h16x16,mlp_relu_h64
3250,-308.6,160.297251657316,1349134.25,Acrobot-v1,kan_bspline_h16x16,mlp_relu_h64
3300,-343.06,156.72770583970714,1362750.9,Acrobot-v1,kan_bspline_h16x16,mlp_relu_h64
3350,-335.58000000000004,161.80277294698425,1376029.65,Acrobot-v1,kan_bspline_h16x16,mlp_relu_h64
3400,-335.26,159.458362381323,1389255.85,Acrobot-v1,kan_bspline_h16x16,mlp_relu_h64
3450,-368.58000000000004,130.8091553031022,1402262.65,Acrobot-v1,kan_bspline_h16x16,mlp_relu_h64
3500,-322.54,152.8175687980061,1414788.4,Acrobot-v1,kan_bspline_h16x16,mlp_relu_h64
3550,-247.18,128.32588549816785,1427030.45,Acrobot-v1,kan_bspline_h16x16,mlp_relu_h64
3600,-235.9,173.8956328120724,1438801.7,Acrobot-v1,kan_bspline_h16x16,mlp_relu_h64
3650,-216.68,189.4078069492737,1450067.7,Acrobot-v1,kan_bspline_h16x16,mlp_relu_h64
3700,-208.54000000000002,210.04427152388612,1460682.45,Acrobot-v1,kan_bspline_h16x16,mlp_relu_h64
3750,-239.04000000000002,170.3672060253642,1470462.15,Acrobot-v1,kan_bspline_h16x16,mlp_relu_h64
3800,-233.32,180.16309154639737,1479619.25,Acrobot-v1,kan_bspline_h16x16,mlp_relu_h64
3850,-194.7,181.9232622105632,1488194.9,Acrobot-v1,kan_bspline_h16x16,mlp_relu_h64
3900,-132.06,196.78313048745932,1496295.7,Acrobot-v1,kan_bspline_h16x16,mlp_relu_h64
3950,-52.55999999999999,156.2229973111798,1504296.85,Acrobot-v1,kan_bspline_h16x16,mlp_relu_h64
4000,-50.67999999999999,129.07493775150758,1511863.9,Acrobot-v1,kan_bspline_h16x16,mlp_relu_h64
4050,-46.74000000000001,180.5130724721435,1519260.5,Acrobot-v1,kan_bspline_h16x16,mlp_relu_h64
4100,-49.38,132.16600504248015,1526381.5,Acrobot-v1,kan_bspline_h16x16,mlp_relu_h64
4150,-63.56,137.3724475043425,1533329.95,Acrobot-v1,kan_bspline_h16x16,mlp_relu_h64
4200,-73.5,159.68107798567323,1540029.45,Acrobot-v1,kan_bspline_h16x16,mlp_relu_h64
4250,1.1599999999999966,195.86164731485562,1546750.2,Acrobot-v1,kan_bspline_h16x16,mlp_relu_h64
4300,-61.58,274.9680458202775,1553462.8,Acrobot-v1,kan_bspline_h16x16,mlp_relu_h64
4350,-37.02,151.5502542246484,1560119.85,Acrobot-v1,kan_bspline_h16x16,mlp_relu_h64
4400,-54.14,190.76438172083732,1566691.85,Acrobot-v1,kan_bspline_h16x16,mlp_relu_h64
4450,24.9,211.46164874248208,1573274.45,Acrobot-v1,kan_bspline_h16x16,mlp_relu_h64
4500,-18.18,157.26672177475368,1579775.65,Acrobot-v1,kan_bspline_h16x16,mlp_relu_h64
4550,-38.6,135.67457798390646,1586157.55,Acrobot-v1,kan_bspline_h16x16,mlp_relu_h64
4600,-34.44,140.65282080356582,1592395.25,Acrobot-v1,kan_bspline_h16x16,mlp_relu_h64
4650,-25.499999999999996,136.40847969731695,1598638.5,Acrobot-v1,kan_bspline_h16x16,mlp_relu_h64
4700,-50.499999999999986,179.12764536311343,1604853.0,Acrobot-v1,kan_bspline_h16x16,mlp_relu_h64
4750,-87.98,174.7008986811459,1611054.1,Acrobot-v1,kan_bspline_h16x16,mlp_relu_h64
4800,-49.68,131.21206584084493,1617188.95,Acrobot-v1,kan_bspline_h16x16,mlp_relu_h64
4850,-45.019999999999996,135.73013912417045,1623256.1,Acrobot-v1,kan_bspline_h16x16,mlp_relu_h64
4900,-19.939999999999998,140.64780442256782,1629239.35,Acrobot-v1,kan_bspline_h16x16,mlp_relu_h64
4950,-9.2,163.08318259233369,1635223.85,Acrobot-v1,kan_bspline_h16x16,mlp_relu_h64
5000,-50.839999999999996,131.4599660226134,1641357.2,Acrobot-v1,kan_bspline_h16x16,mlp_relu_h64
5050,-29.8,116.53306636125026,1647308.2,Acrobot-v1,kan_bspline_h16x16,mlp_relu_h64
5100,-39.04,150.5996547140796,1653304.9,Acrobot-v1,kan_bspline_h16x16,mlp_relu_h64
5150,-41.28,148.05185878228238,1659296.8,Acrobot-v1,kan_bspline_h16x16,mlp_relu_h64
5200,-61.35999999999999,127.69344540735048,1665266.1,Acrobot-v1,kan_bspline_h16x16,mlp_relu_h64
5250,-47.2,75.593238968692,1671212.95,Acrobot-v1,kan_bspline_h16x16,mlp_relu_h64
5300,-45.8,89.2092172616958,1677213.3,Acrobot-v1,kan_bspline_h16x16,mlp_relu_h64
5350,-44.620000000000005,131.54559665758484,1683177.0,Acrobot-v1,kan_bspline_h16x16,mlp_relu_h64
5400,-62.3,150.6964351122997,1688986.05,Acrobot-v1,kan_bspline_h16x16,mlp_relu_h64
5450,-52.7,152.39350379855435,1694676.4,Acrobot-v1,kan_bspline_h16x16,mlp_relu_h64
5500,11.72,57.17786673569103,1700152.65,Acrobot-v1,kan_bspline_h16x16,mlp_relu_h64
5550,11.760000000000002,57.19936285581432,1705480.6,Acrobot-v1,kan_bspline_h16x16,mlp_relu_h64
5600,10.659999999999998,43.73892748774,1710752.1,Acrobot-v1,kan_bspline_h16x16,mlp_relu_h64
5650,31.639999999999997,127.3607928506868,1715787.45,Acrobot-v1,kan_bspline_h16x16,mlp_relu_h64
5700,41.46,125.16364576913789,1720796.6,Acrobot-v1,kan_bspline_h16x16,mlp_relu_h64
5750,11.080000000000002,95.29921067645606,1725827.75,Acrobot-v1,kan_bspline_h16x16,mlp_relu_h64
5800,37.86,71.37513105650548,1730794.5,Acrobot-v1,kan_bspline_h16x16,mlp_relu_h64
5850,2.6799999999999984,25.03689721635295,1735741.25,Acrobot-v1,kan_bspline_h16x16,mlp_relu_h64
5900,8.679999999999998,23.13558106275075,1740663.55,Acrobot-v1,kan_bspline_h16x16,mlp_relu_h64
5950,-11.279999999999998,22.75281667545068,1745590.85,Acrobot-v1,kan_bspline_h16x16,mlp_relu_h64
6000,-7.540000000000001,25.557090775142797,1750422.5,Acrobot-v1,kan_bspline_h16x16,mlp_relu_h64
50,-98.5,100.69625393010188,1109.35,CartPole-v1,kan_bspline_h16x16,mlp_relu_h64x64
100,-117.42,163.98922593335885,2233.25,CartPole-v1,kan_bspline_h16x16,mlp_relu_h64x64
150,-81.44,46.23003352799996,3530.4,CartPole-v1,kan_bspline_h16x16,mlp_relu_h64x64
200,-103.25999999999999,117.40884123438065,4915.45,CartPole-v1,kan_bspline_h16x16,mlp_relu_h64x64
250,-134.24,162.9951001308526,6653.75,CartPole-v1,kan_bspline_h16x16,mlp_relu_h64x64
300,-170.2,144.8083791314117,8964.8,CartPole-v1,kan_bspline_h16x16,mlp_relu_h64x64
350,-104.97999999999999,148.728939125287,12165.35,CartPole-v1,kan_bspline_h16x16,mlp_relu_h64x64
400,-161.07999999999998,96.23065808543322,16301.3,CartPole-v1,kan_bspline_h16x16,mlp_relu_h64x64
450,-76.04,114.49428127397648,21536.35,CartPole-v1,kan_bspline_h16x16,mlp_relu_h64x64
500,-121.02000000000001,112.02874432731787,27466.2,CartPole-v1,kan_bspline_h16x16,mlp_relu_h64x64
550,-79.76000000000002,126.33411785156585,34341.45,CartPole-v1,kan_bspline_h16x16,mlp_relu_h64x64
600,-51.79999999999999,89.6999442586226,41962.85,CartPole-v1,kan_bspline_h16x16,mlp_relu_h64x64
650,-42.29999999999999,150.06648156363528,50238.25,CartPole-v1,kan_bspline_h16x16,mlp_relu_h64x64
700,-8.120000000000001,129.5820357920032,59355.2,CartPole-v1,kan_bspline_h16x16,mlp_relu_h64x64
750,-32.38000000000001,122.79534736028616,68969.7,CartPole-v1,kan_bspline_h16x16,mlp_relu_h64x64
800,-8.640000000000011,176.77817361503276,78891.8,CartPole-v1,kan_bspline_h16x16,mlp_relu_h64x64
850,-24.520000000000003,130.10447767510198,89531.25,CartPole-v1,kan_bspline_h16x16,mlp_relu_h64x64
900,67.06,68.13255381158767,99687.35,CartPole-v1,kan_bspline_h16x16,mlp_relu_h64x64
950,44.64000000000001,113.47366997580441,110679.95,CartPole-v1,kan_bspline_h16x16,mlp_relu_h64x64
1000,-66.16,147.31317509155642,121664.75,CartPole-v1,kan_bspline_h16x16,mlp_relu_h64x64
1050,44.45999999999999,96.6125848715143,132749.95,CartPole-v1,kan_bspline_h16x16,mlp_relu_h64x64
1100,-5.560000000000008,103.88685298064536,144673.0,CartPole-v1,kan_bspline_h16x16,mlp_relu_h64x64
1150,-8.940000000000008,154.45934524441483,156248.85,CartPole-v1,kan_bspline_h16x16,mlp_relu_h64x64
1200,-33.44000000000001,170.0819619412293,167859.95,CartPole-v1,kan_bspline_h16x16,mlp_relu_h64x64
1250,-64.2,135.05547831251505,179921.1,CartPole-v1,kan_bspline_h16x16,mlp_relu_h64x64
1300,-98.46,148.22007811209505,192687.65,CartPole-v1,kan_bspline_h16x16,mlp_relu_h64x64
1350,-111.7,121.32037476587901,205811.25,CartPole-v1,kan_bspline_h16x16,mlp_relu_h64x64
1400,-66.28,140.91082128621474,219065.5,CartPole-v1,kan_bspline_h16x16,mlp_relu_h64x64
1450,-45.540000000000006,153.01947733685554,231710.35,CartPole-v1,kan_bspline_h16x16,mlp_relu_h64x64
1500,-128.24,195.58699797731387,244235.2,CartPole-v1,kan_bspline_h16x16,mlp_relu_h64x64
1550,-126.0,156.03424125634874,257753.85,CartPole-v1,kan_bspline_h16x16,mlp_relu_h64x64
1600,-62.919999999999995,140.40146248051215,272368.2,CartPole-v1,kan_bspline_h16x16,mlp_relu_h64x64
1650,-122.78000000000002,120.98703144460474,287155.85,CartPole-v1,kan_bspline_h16x16,mlp_relu_h64x64
1700,-72.64,152.20106000506917,301488.85,CartPole-v1,kan_bspline_h16x16,mlp_relu_h64x64
1750,-28.46,135.41915341306455,316263.05,CartPole-v1,kan_bspline_h16x16,mlp_relu_h64x64
1800,-56.64000000000001,180.216728783244,332704.3,CartPole-v1,kan_bspline_h16x16,mlp_relu_h64x64
1850,-79.97999999999999,144.65893834963828,349847.5,CartPole-v1,kan_bspline_h16x16,mlp_relu_h64x64
1900,-79.82000000000001,74.87663632046159,368561.45,CartPole-v1,kan_bspline_h16x16,mlp_relu_h64x64
1950,32.980000000000004,169.8786089470295,387388.05,CartPole-v1,kan_bspline_h16x16,mlp_relu_h64x64
2000,-45.24,122.10253614619697,405873.15,CartPole-v1,kan_bspline_h16x16,mlp_relu_h64x64
2050,71.41999999999999,158.01387984041853,422251.0,CartPole-v1,kan_bspline_h16x16,mlp_relu_h64x64
2100,62.379999999999995,158.86132177328614,438549.1,CartPole-v1,kan_bspline_h16x16,mlp_relu_h64x64
2150,130.12,209.30758228024135,455669.3,CartPole-v1,kan_bspline_h16x16,mlp_relu_h64x64
2200,47.67999999999999,138.72384077727952,474872.35,CartPole-v1,kan_bspline_h16x16,mlp_relu_h64x64
2250,16.22,124.83444859314896,495755.4,CartPole-v1,kan_bspline_h16x16,mlp_relu_h64x64
2300,57.6,121.55880150043527,516956.9,CartPole-v1,kan_bspline_h16x16,mlp_relu_h64x64
2350,43.3,124.49461389509543,538715.15,CartPole-v1,kan_bspline_h16x16,mlp_relu_h64x64
2400,-27.919999999999998,88.29079227190114,560719.0,CartPole-v1,kan_bspline_h16x16,mlp_relu_h64x64
2450,-15.0,101.37499143718281,584006.5,CartPole-v1,kan_bspline_h16x16,mlp_relu_h64x64
2500,-3.9800000000000013,127.79067780293417,605594.25,CartPole-v1,kan_bspline_h16x16,mlp_relu_h64x64
2550,2.9,129.45071134090637,627692.15,CartPole-v1,kan_bspline_h16x16,mlp_relu_h64x64
2600,37.6,145.89503075841893,649296.75,CartPole-v1,kan_bspline_h16x16,mlp_relu_h64x64
2650,-28.04,158.0679122683946,670106.7,CartPole-v1,kan_bspline_h16x16,mlp_relu_h64x64
2700,15.420000000000005,148.0852142067758,690325.7,CartPole-v1,kan_bspline_h16x16,mlp_relu_h64x64
2750,27.82,107.39167979358963,711625.1,CartPole-v1,kan_bspline_h16x16,mlp_relu_h64x64
2800,16.76,140.3782129344389,734360.0,CartPole-v1,kan_bspline_h16x16,mlp_relu_h64x64
2850,38.1,120.48277885241525,756639.2,CartPole-v1,kan_bspline_h16x16,mlp_relu_h64x64
2900,41.7,117.9768433022157,779833.0,CartPole-v1,kan_bspline_h16x16,mlp_relu_h64x64
2950,30.639999999999997,115.84682607266852,802484.5,CartPole-v1,kan_bspline_h16x16,mlp_relu_h64x64
3000,28.839999999999996,91.20008771925605,824813.65,CartPole-v1,kan_bspline_h16x16,mlp_relu_h64x64
3050,35.519999999999996,112.32410248918083,847707.65,CartPole-v1,kan_bspline_h16x16,mlp_relu_h64x64
3100,22.0,69.57010852370435,871092.4,CartPole-v1,kan_bspline_h16x16,mlp_relu_h64x64
3150,0.0,0.0,894608.25,CartPole-v1,kan_bspline_h16x16,mlp_relu_h64x64
3200,0.0,0.0,918602.95,CartPole-v1,kan_bspline_h16x16,mlp_relu_h64x64
3250,-26.160000000000004,82.72518359000482,942287.95,CartPole-v1,kan_bspline_h16x16,mlp_relu_h64x64
3300,0.0,0.0,966085.2,CartPole-v1,kan_bspline_h16x16,mlp_relu_h64x64
3350,29.96,94.74183869864466,989519.35,CartPole-v1,kan_bspline_h16x16,mlp_relu_h64x64
3400,32.28,102.0783228702353,1012173.8,CartPole-v1,kan_bspline_h16x16,mlp_relu_h64x64
3450,16.3,114.54339303900896,1034644.7,CartPole-v1,kan_bspline_h16x16,mlp_relu_h64x64
3500,33.1,104.67139055157337,1057697.2,CartPole-v1,kan_bspline_h16x16,mlp_relu_h64x64
3550,29.8,94.23587427301771,1081007.7,CartPole-v1,kan_bspline_h16x16,mlp_relu_h64x64
3600,-32.46,83.77122550268811,1104043.95,CartPole-v1,kan_bspline_h16x16,mlp_relu_h64x64
3650,-16.1,50.91267032871091,1127537.5,CartPole-v1,kan_bspline_h16x16,mlp_relu_h64x64
3700,32.239999999999995,101.95183176382854,1150598.95,CartPole-v1,kan_bspline_h16x16,mlp_relu_h64x64
3750,31.68,110.67097180381133,1174089.15,CartPole-v1,kan_bspline_h16x16,mlp_relu_h64x64
3800,-4.380000000000007,150.1087146778035,1196938.9,CartPole-v1,kan_bspline_h16x16,mlp_relu_h64x64
3850,31.919999999999998,100.93990291257465,1219742.0,CartPole-v1,kan_bspline_h16x16,mlp_relu_h64x64
3900,84.66,154.22166010144116,1241943.5,CartPole-v1,kan_bspline_h16x16,mlp_relu_h64x64
3950,68.35999999999999,144.5443046266438,1263721.65,CartPole-v1,kan_bspline_h16x16,mlp_relu_h64x64
4000,89.17999999999999,196.51884727255378,1285177.25,CartPole-v1,kan_bspline_h16x16,mlp_relu_h64x64
4050,106.25999999999999,171.8036618417146,1306862.35,CartPole-v1,kan_bspline_h16x16,mlp_relu_h64x64
4100,104.32000000000001,168.73253522792942,1328493.55,CartPole-v1,kan_bspline_h16x16,mlp_relu_h64x64
4150,39.44,200.20930825291595,1350264.05,CartPole-v1,kan_bspline_h16x16,mlp_relu_h64x64
4200,42.019999999999996,188.3078437028049,1371792.15,CartPole-v1,kan_bspline_h16x16,mlp_relu_h64x64
4250,106.46,171.62046109560092,1393529.55,CartPole-v1,kan_bspline_h16x16,mlp_relu_h64x64
4300,73.6,155.195532581751,1415333.6,CartPole-v1,kan_bspline_h16x16,mlp_relu_h64x64
4350,96.46,156.43608705581119,1437245.9,CartPole-v1,kan_bspline_h16x16,mlp_relu_h64x64
4400,90.34,151.20332300875165,1459254.45,CartPole-v1,kan_bspline_h16x16,mlp_relu_h64x64
4450,60.660000000000004,129.68440495637435,1482138.9,CartPole-v1,kan_bspline_h16x16,mlp_relu_h64x64
4500,0.0,0.0,1506012.65,CartPole-v1,kan_bspline_h16x16,mlp_relu_h64x64
4550,0.0,0.0,1530598.45,CartPole-v1,kan_bspline_h16x16,mlp_relu_h64x64
4600,12.280000000000001,38.832769666867705,1555059.35,CartPole-v1,kan_bspline_h16x16,mlp_relu_h64x64
4650,0.0,0.0,1579667.05,CartPole-v1,kan_bspline_h16x16,mlp_relu_h64x64
4700,0.039999999999997725,0.12649110640672798,1604312.25,CartPole-v1,kan_bspline_h16x16,mlp_relu_h64x64
4750,0.0,0.0,1629058.65,CartPole-v1,kan_bspline_h16x16,mlp_relu_h64x64
4800,0.0,0.0,1653751.65,CartPole-v1,kan_bspline_h16x16,mlp_relu_h64x64
4850,0.0,0.0,1678514.35,CartPole-v1,kan_bspline_h16x16,mlp_relu_h64x64
4900,0.0,0.0,1703434.7,CartPole-v1,kan_bspline_h16x16,mlp_relu_h64x64
4950,26.8,84.74904129251256,1727994.2,CartPole-v1,kan_bspline_h16x16,mlp_relu_h64x64
5000,27.580000000000002,87.21561786744391,1752049.8,CartPole-v1,kan_bspline_h16x16,mlp_relu_h64x64
5050,1.8600000000000023,118.4885573472064,1775906.7,CartPole-v1,kan_bspline_h16x16,mlp_relu_h64x64
5100,11.4,115.2893557773464,1798807.45,CartPole-v1,kan_bspline_h16x16,mlp_relu_h64x64
5150,18.740000000000002,120.77174246394632,1822010.25,CartPole-v1,kan_bspline_h16x16,mlp_relu_h64x64
5200,25.520000000000003,124.42704957792203,1845620.9,CartPole-v1,kan_bspline_h16x16,mlp_relu_h64x64
5250,36.96,116.8777823198233,1868843.95,CartPole-v1,kan_bspline_h16x16,mlp_relu_h64x64
5300,26.560000000000002,83.99009465407217,1892806.05,CartPole-v1,kan_bspline_h16x16,mlp_relu_h64x64
5350,0.0,0.0,1917198.15,CartPole-v1,kan_bspline_h16x16,mlp_relu_h64x64
5400,0.0,0.0,1942053.4,CartPole-v1,kan_bspline_h16x16,mlp_relu_h64x64
5450,0.0,0.0,1966702.7,CartPole-v1,kan_bspline_h16x16,mlp_relu_h64x64
5500,0.0,0.0,1991126.1,CartPole-v1,kan_bspline_h16x16,mlp_relu_h64x64
5550,0.0,0.0,2015759.7,CartPole-v1,kan_bspline_h16x16,mlp_relu_h64x64
5600,0.0,0.0,2040482.65,CartPole-v1,kan_bspline_h16x16,mlp_relu_h64x64
5650,0.0,0.0,2064987.4,CartPole-v1,kan_bspline_h16x16,mlp_relu_h64x64
5700,-9.560000000000002,30.231374431209716,2089045.3,CartPole-v1,kan_bspline_h16x16,mlp_relu_h64x64
5750,0.0,0.0,2113557.55,CartPole-v1,kan_bspline_h16x16,mlp_relu_h64x64
5800,0.0,0.0,2138103.4,CartPole-v1,kan_bspline_h16x16,mlp_relu_h64x64
5850,0.0,0.0,2162470.85,CartPole-v1,kan_bspline_h16x16,mlp_relu_h64x64
5900,0.0,0.0,2187079.25,CartPole-v1,kan_bspline_h16x16,mlp_relu_h64x64
5950,34.94,110.48998144628317,2211106.25,CartPole-v1,kan_bspline_h16x16,mlp_relu_h64x64
6000,4.280000000000001,13.534548385520667,2234980.05,CartPole-v1,kan_bspline_h16x16,mlp_relu_h64x64
50,0.0,0.0,10000.0,MountainCar-v0,kan_bspline_h16x16,mlp_relu_h16
100,0.0,0.0,20000.0,MountainCar-v0,kan_bspline_h16x16,mlp_relu_h16
150,0.0,0.0,30000.0,MountainCar-v0,kan_bspline_h16x16,mlp_relu_h16
200,0.0,0.0,40000.0,MountainCar-v0,kan_bspline_h16x16,mlp_relu_h16
250,0.0,0.0,50000.0,MountainCar-v0,kan_bspline_h16x16,mlp_relu_h16
300,0.0,0.0,60000.0,MountainCar-v0,kan_bspline_h16x16,mlp_relu_h16
350,0.0,0.0,70000.0,MountainCar-v0,kan_bspline_h16x16,mlp_relu_h16
400,0.0,0.0,80000.0,MountainCar-v0,kan_bspline_h16x16,mlp_relu_h16
450,0.0,0.0,90000.0,MountainCar-v0,kan_bspline_h16x16,mlp_relu_h16
500,0.0,0.0,100000.0,MountainCar-v0,kan_bspline_h16x16,mlp_relu_h16
550,0.0,0.0,110000.0,MountainCar-v0,kan_bspline_h16x16,mlp_relu_h16
600,0.0,0.0,120000.0,MountainCar-v0,kan_bspline_h16x16,mlp_relu_h16
650,0.0,0.0,130000.0,MountainCar-v0,kan_bspline_h16x16,mlp_relu_h16
700,0.0,0.0,140000.0,MountainCar-v0,kan_bspline_h16x16,mlp_relu_h16
750,0.0,0.0,150000.0,MountainCar-v0,kan_bspline_h16x16,mlp_relu_h16
800,0.0,0.0,160000.0,MountainCar-v0,kan_bspline_h16x16,mlp_relu_h16
850,0.0,0.0,170000.0,MountainCar-v0,kan_bspline_h16x16,mlp_relu_h16
900,0.0,0.0,180000.0,MountainCar-v0,kan_bspline_h16x16,mlp_relu_h16
950,0.0,0.0,190000.0,MountainCar-v0,kan_bspline_h16x16,mlp_relu_h16
1000,0.0,0.0,200000.0,MountainCar-v0,kan_bspline_h16x16,mlp_relu_h16
1050,0.0,0.0,210000.0,MountainCar-v0,kan_bspline_h16x16,mlp_relu_h16
1100,0.0,0.0,220000.0,MountainCar-v0,kan_bspline_h16x16,mlp_relu_h16
1150,0.0,0.0,230000.0,MountainCar-v0,kan_bspline_h16x16,mlp_relu_h16
1200,0.0,0.0,240000.0,MountainCar-v0,kan_bspline_h16x16,mlp_relu_h16
1250,0.0,0.0,250000.0,MountainCar-v0,kan_bspline_h16x16,mlp_relu_h16
1300,0.0,0.0,260000.0,MountainCar-v0,kan_bspline_h16x16,mlp_relu_h16
1350,0.0,0.0,270000.0,MountainCar-v0,kan_bspline_h16x16,mlp_relu_h16
1400,0.0,0.0,280000.0,MountainCar-v0,kan_bspline_h16x16,mlp_relu_h16
1450,0.0,0.0,290000.0,MountainCar-v0,kan_bspline_h16x16,mlp_relu_h16
1500,0.0,0.0,300000.0,MountainCar-v0,kan_bspline_h16x16,mlp_relu_h16
1550,0.0,0.0,310000.0,MountainCar-v0,kan_bspline_h16x16,mlp_relu_h16
1600,0.0,0.0,320000.0,MountainCar-v0,kan_bspline_h16x16,mlp_relu_h16
1650,0.0,0.0,330000.0,MountainCar-v0,kan_bspline_h16x16,mlp_relu_h16
1700,0.0,0.0,340000.0,MountainCar-v0,kan_bspline_h16x16,mlp_relu_h16
1750,0.0,0.0,350000.0,MountainCar-v0,kan_bspline_h16x16,mlp_relu_h16
1800,0.0,0.0,360000.0,MountainCar-v0,kan_bspline_h16x16,mlp_relu_h16
1850,0.0,0.0,370000.0,MountainCar-v0,kan_bspline_h16x16,mlp_relu_h16
1900,0.0,0.0,380000.0,MountainCar-v0,kan_bspline_h16x16,mlp_relu_h16
1950,0.0,0.0,390000.0,MountainCar-v0,kan_bspline_h16x16,mlp_relu_h16
2000,0.14000000000000057,0.4427188724235749,400000.0,MountainCar-v0,kan_bspline_h16x16,mlp_relu_h16
2050,0.0,0.0,410000.0,MountainCar-v0,kan_bspline_h16x16,mlp_relu_h16
2100,0.0,0.0,420000.0,MountainCar-v0,kan_bspline_h16x16,mlp_relu_h16
2150,2.5599999999999996,8.095430810031049,430000.0,MountainCar-v0,kan_bspline_h16x16,mlp_relu_h16
2200,0.0,0.0,440000.0,MountainCar-v0,kan_bspline_h16x16,mlp_relu_h16
2250,0.0,0.0,450000.0,MountainCar-v0,kan_bspline_h16x16,mlp_relu_h16
2300,0.0,0.0,460000.0,MountainCar-v0,kan_bspline_h16x16,mlp_relu_h16
2350,0.0,0.0,470000.0,MountainCar-v0,kan_bspline_h16x16,mlp_relu_h16
2400,0.0,0.0,480000.0,MountainCar-v0,kan_bspline_h16x16,mlp_relu_h16
2450,0.0,0.0,490000.0,MountainCar-v0,kan_bspline_h16x16,mlp_relu_h16
2500,0.0,0.0,500000.0,MountainCar-v0,kan_bspline_h16x16,mlp_relu_h16
2550,0.0,0.0,510000.0,MountainCar-v0,kan_bspline_h16x16,mlp_relu_h16
2600,0.0,0.0,520000.0,MountainCar-v0,kan_bspline_h16x16,mlp_relu_h16
2650,0.0,0.0,530000.0,MountainCar-v0,kan_bspline_h16x16,mlp_relu_h16
2700,0.0,0.0,540000.0,MountainCar-v0,kan_bspline_h16x16,mlp_relu_h16
2750,0.0,0.0,550000.0,MountainCar-v0,kan_bspline_h16x16,mlp_relu_h16
2800,0.0,0.0,560000.0,MountainCar-v0,kan_bspline_h16x16,mlp_relu_h16
2850,0.0,0.0,570000.0,MountainCar-v0,kan_bspline_h16x16,mlp_relu_h16
2900,0.0,0.0,580000.0,MountainCar-v0,kan_bspline_h16x16,mlp_relu_h16
2950,0.0,0.0,590000.0,MountainCar-v0,kan_bspline_h16x16,mlp_relu_h16
3000,0.0,0.0,600000.0,MountainCar-v0,kan_bspline_h16x16,mlp_relu_h16
3050,0.0,0.0,610000.0,MountainCar-v0,kan_bspline_h16x16,mlp_relu_h16
3100,0.0,0.0,620000.0,MountainCar-v0,kan_bspline_h16x16,mlp_relu_h16
3150,0.0,0.0,630000.0,MountainCar-v0,kan_bspline_h16x16,mlp_relu_h16
3200,0.0,0.0,640000.0,MountainCar-v0,kan_bspline_h16x16,mlp_relu_h16
3250,2.680000000000001,8.474904129251259,650000.0,MountainCar-v0,kan_bspline_h16x16,mlp_relu_h16
3300,0.0,0.0,660000.0,MountainCar-v0,kan_bspline_h16x16,mlp_relu_h16
3350,0.0,0.0,670000.0,MountainCar-v0,kan_bspline_h16x16,mlp_relu_h16
3400,0.0,0.0,680000.0,MountainCar-v0,kan_bspline_h16x16,mlp_relu_h16
3450,0.0,0.0,690000.0,MountainCar-v0,kan_bspline_h16x16,mlp_relu_h16
3500,0.0,0.0,700000.0,MountainCar-v0,kan_bspline_h16x16,mlp_relu_h16
3550,0.0,0.0,710000.0,MountainCar-v0,kan_bspline_h16x16,mlp_relu_h16
3600,0.0,0.0,720000.0,MountainCar-v0,kan_bspline_h16x16,mlp_relu_h16
3650,1.0,3.1622776601683795,730000.0,MountainCar-v0,kan_bspline_h16x16,mlp_relu_h16
3700,0.0,0.0,740000.0,MountainCar-v0,kan_bspline_h16x16,mlp_relu_h16
3750,0.0,0.0,750000.0,MountainCar-v0,kan_bspline_h16x16,mlp_relu_h16
3800,0.0,0.0,760000.0,MountainCar-v0,kan_bspline_h16x16,mlp_relu_h16
3850,0.0,0.0,770000.0,MountainCar-v0,kan_bspline_h16x16,mlp_relu_h16
3900,0.0,0.0,780000.0,MountainCar-v0,kan_bspline_h16x16,mlp_relu_h16
3950,0.0,0.0,790000.0,MountainCar-v0,kan_bspline_h16x16,mlp_relu_h16
4000,0.0,0.0,800000.0,MountainCar-v0,kan_bspline_h16x16,mlp_relu_h16
4050,0.0,0.0,810000.0,MountainCar-v0,kan_bspline_h16x16,mlp_relu_h16
4100,0.0,0.0,820000.0,MountainCar-v0,kan_bspline_h16x16,mlp_relu_h16
4150,0.0,0.0,830000.0,MountainCar-v0,kan_bspline_h16x16,mlp_relu_h16
4200,0.0,0.0,840000.0,MountainCar-v0,kan_bspline_h16x16,mlp_relu_h16
4250,0.0,0.0,850000.0,MountainCar-v0,kan_bspline_h16x16,mlp_relu_h16
4300,6.019999999999999,19.036911514213642,860000.0,MountainCar-v0,kan_bspline_h16x16,mlp_relu_h16
4350,0.0,0.0,870000.0,MountainCar-v0,kan_bspline_h16x16,mlp_relu_h16
4400,1.2599999999999993,3.9844698518121566,880000.0,MountainCar-v0,kan_bspline_h16x16,mlp_relu_h16
4450,0.0,0.0,890000.0,MountainCar-v0,kan_bspline_h16x16,mlp_relu_h16
4500,0.0,0.0,900000.0,MountainCar-v0,kan_bspline_h16x16,mlp_relu_h16
4550,0.0,0.0,910000.0,MountainCar-v0,kan_bspline_h16x16,mlp_relu_h16
4600,0.0,0.0,920000.0,MountainCar-v0,kan_bspline_h16x16,mlp_relu_h16
4650,0.0,0.0,930000.0,MountainCar-v0,kan_bspline_h16x16,mlp_relu_h16
4700,0.0,0.0,940000.0,MountainCar-v0,kan_bspline_h16x16,mlp_relu_h16
4750,0.0,0.0,950000.0,MountainCar-v0,kan_bspline_h16x16,mlp_relu_h16
4800,0.0,0.0,960000.0,MountainCar-v0,kan_bspline_h16x16,mlp_relu_h16
4850,0.0,0.0,970000.0,MountainCar-v0,kan_bspline_h16x16,mlp_relu_h16
4900,0.0,0.0,980000.0,MountainCar-v0,kan_bspline_h16x16,mlp_relu_h16
4950,0.0,0.0,990000.0,MountainCar-v0,kan_bspline_h16x16,mlp_relu_h16
5000,0.0,0.0,1000000.0,MountainCar-v0,kan_bspline_h16x16,mlp_relu_h16
5050,0.0,0.0,1010000.0,MountainCar-v0,kan_bspline_h16x16,mlp_relu_h16
5100,0.0,0.0,1020000.0,MountainCar-v0,kan_bspline_h16x16,mlp_relu_h16
5150,0.0,0.0,1030000.0,MountainCar-v0,kan_bspline_h16x16,mlp_relu_h16
5200,0.0,0.0,1040000.0,MountainCar-v0,kan_bspline_h16x16,mlp_relu_h16
5250,0.0,0.0,1050000.0,MountainCar-v0,kan_bspline_h16x16,mlp_relu_h16
5300,0.0,0.0,1060000.0,MountainCar-v0,kan_bspline_h16x16,mlp_relu_h16
5350,0.0,0.0,1070000.0,MountainCar-v0,kan_bspline_h16x16,mlp_relu_h16
5400,0.0,0.0,1080000.0,MountainCar-v0,kan_bspline_h16x16,mlp_relu_h16
5450,0.0,0.0,1090000.0,MountainCar-v0,kan_bspline_h16x16,mlp_relu_h16
5500,0.0,0.0,1100000.0,MountainCar-v0,kan_bspline_h16x16,mlp_relu_h16
5550,0.0,0.0,1110000.0,MountainCar-v0,kan_bspline_h16x16,mlp_relu_h16
5600,0.0,0.0,1120000.0,MountainCar-v0,kan_bspline_h16x16,mlp_relu_h16
5650,0.0,0.0,1130000.0,MountainCar-v0,kan_bspline_h16x16,mlp_relu_h16
5700,0.0,0.0,1140000.0,MountainCar-v0,kan_bspline_h16x16,mlp_relu_h16
5750,0.0,0.0,1150000.0,MountainCar-v0,kan_bspline_h16x16,mlp_relu_h16
5800,0.0,0.0,1160000.0,MountainCar-v0,kan_bspline_h16x16,mlp_relu_h16
5850,0.0,0.0,1170000.0,MountainCar-v0,kan_bspline_h16x16,mlp_relu_h16
5900,0.0,0.0,1180000.0,MountainCar-v0,kan_bspline_h16x16,mlp_relu_h16
5950,0.0,0.0,1190000.0,MountainCar-v0,kan_bspline_h16x16,mlp_relu_h16
6000,0.0,0.0,1200000.0,MountainCar-v0,kan_bspline_h16x16,mlp_relu_h16
50,-0.016527048102385228,0.030371016072594088,49927.85,MountainCarContinuous-v0,kan_gaussrbf_h8x8,mlp_relu_h64x64
100,-0.056994403239115796,0.07808674844375636,99783.65,MountainCarContinuous-v0,kan_gaussrbf_h8x8,mlp_relu_h64x64
150,0.11323190234815998,0.2303915235254083,149708.45,MountainCarContinuous-v0,kan_gaussrbf_h8x8,mlp_relu_h64x64
200,0.7791063173895765,0.8056096283683363,199626.25,MountainCarContinuous-v0,kan_gaussrbf_h8x8,mlp_relu_h64x64
250,1.2823264929059464,0.6789300502294567,249576.25,MountainCarContinuous-v0,kan_gaussrbf_h8x8,mlp_relu_h64x64
300,1.833478512590554,1.5446581012105354,299508.85,MountainCarContinuous-v0,kan_gaussrbf_h8x8,mlp_relu_h64x64
350,1.7431110715290565,2.4910216154258564,349336.2,MountainCarContinuous-v0,kan_gaussrbf_h8x8,mlp_relu_h64x64
400,1.0290129377722796,1.5370269426367171,399275.5,MountainCarContinuous-v0,kan_gaussrbf_h8x8,mlp_relu_h64x64
450,0.8929579478213565,1.4613735238228311,449184.35,MountainCarContinuous-v0,kan_gaussrbf_h8x8,mlp_relu_h64x64
500,0.524543926679825,0.9611490731503984,499131.6,MountainCarContinuous-v0,kan_gaussrbf_h8x8,mlp_relu_h64x64
550,0.34036675414581585,0.6638933154682787,549043.9,MountainCarContinuous-v0,kan_gaussrbf_h8x8,mlp_relu_h64x64
600,0.23489756598919867,0.4901749222065813,598962.35,MountainCarContinuous-v0,kan_gaussrbf_h8x8,mlp_relu_h64x64
650,0.06264952322526314,0.3139445717854466,648905.35,MountainCarContinuous-v0,kan_gaussrbf_h8x8,mlp_relu_h64x64
700,-0.025017517837731762,0.23057247480757131,698754.4,MountainCarContinuous-v0,kan_gaussrbf_h8x8,mlp_relu_h64x64
750,9.29461031233738,29.7252623957103,748280.65,MountainCarContinuous-v0,kan_gaussrbf_h8x8,mlp_relu_h64x64
800,6.830003389045821,21.862039715112825,797248.25,MountainCarContinuous-v0,kan_gaussrbf_h8x8,mlp_relu_h64x64
850,8.874115208602651,28.281913459497975,845865.35,MountainCarContinuous-v0,kan_gaussrbf_h8x8,mlp_relu_h64x64
900,9.018653814752069,28.807891958354062,894356.2,MountainCarContinuous-v0,kan_gaussrbf_h8x8,mlp_relu_h64x64
950,8.3746578225721,27.227335499001462,942745.0,MountainCarContinuous-v0,kan_gaussrbf_h8x8,mlp_relu_h64x64
1000,1.212269461523721,39.317345876646925,990775.4,MountainCarContinuous-v0,kan_gaussrbf_h8x8,mlp_relu_h64x64
1050,11.091454553163329,47.949269750878315,1037821.55,MountainCarContinuous-v0,kan_gaussrbf_h8x8,mlp_relu_h64x64
1100,9.056327797678012,50.91832488839853,1083641.45,MountainCarContinuous-v0,kan_gaussrbf_h8x8,mlp_relu_h64x64
1150,26.857455085248723,60.459375165276896,1128854.8,MountainCarContinuous-v0,kan_gaussrbf_h8x8,mlp_relu_h64x64
1200,49.93608459414632,46.664484649776995,1170561.2,MountainCarContinuous-v0,kan_gaussrbf_h8x8,mlp_relu_h64x64
1250,50.296299329701945,44.040592831652404,1209875.0,MountainCarContinuous-v0,kan_gaussrbf_h8x8,mlp_relu_h64x64
1300,37.6704169237681,42.51876389457963,1246999.7,MountainCarContinuous-v0,kan_gaussrbf_h8x8,mlp_relu_h64x64
1350,44.96247767026195,42.88891697152503,1282131.2,MountainCarContinuous-v0,kan_gaussrbf_h8x8,mlp_relu_h64x64
1400,38.597519749714294,44.87595025330644,1314747.05,MountainCarContinuous-v0,kan_gaussrbf_h8x8,mlp_relu_h64x64
1450,26.11425747703269,43.723478428123286,1345340.65,MountainCarContinuous-v0,kan_gaussrbf_h8x8,mlp_relu_h64x64
1500,36.93424528987098,47.685244479310924,1373799.65,MountainCarContinuous-v0,kan_gaussrbf_h8x8,mlp_relu_h64x64
1550,28.254337082486877,43.85449164018735,1400369.1,MountainCarContinuous-v0,kan_gaussrbf_h8x8,mlp_relu_h64x64
1600,35.494415419240134,47.51370586451499,1425177.75,MountainCarContinuous-v0,kan_gaussrbf_h8x8,mlp_relu_h64x64
1650,32.31824326507236,42.22338237267683,1448252.9,MountainCarContinuous-v0,kan_gaussrbf_h8x8,mlp_relu_h64x64
1700,30.0664470996563,42.895221488937395,1470434.9,MountainCarContinuous-v0,kan_gaussrbf_h8x8,mlp_relu_h64x64
1750,25.379949231634107,41.08917226047847,1491404.3,MountainCarContinuous-v0,kan_gaussrbf_h8x8,mlp_relu_h64x64
1800,26.545762866147506,40.403986757770504,1511676.55,MountainCarContinuous-v0,kan_gaussrbf_h8x8,mlp_relu_h64x64
1850,28.028634965931694,40.24276783781333,1531214.8,MountainCarContinuous-v0,kan_gaussrbf_h8x8,mlp_relu_h64x64
1900,28.807796973657027,38.87926293078361,1550347.25,MountainCarContinuous-v0,kan_gaussrbf_h8x8,mlp_relu_h64x64
1950,32.100893192995024,38.6339995879033,1569122.25,MountainCarContinuous-v0,kan_gaussrbf_h8x8,mlp_relu_h64x64
2000,30.64928138009813,40.19765042733228,1587943.65,MountainCarContinuous-v0,kan_gaussrbf_h8x8,mlp_relu_h64x64
2050,15.97003337796861,29.252261013256824,1605817.95,MountainCarContinuous-v0,kan_gaussrbf_h8x8,mlp_relu_h64x64
2100,16.739843766215625,29.260656587951242,1622697.15,MountainCarContinuous-v0,kan_gaussrbf_h8x8,mlp_relu_h64x64
2150,24.915214944896324,40.673019585687314,1638790.05,MountainCarContinuous-v0,kan_gaussrbf_h8x8,mlp_relu_h64x64
2200,22.14885827460865,35.71319392256923,1654649.95,MountainCarContinuous-v0,kan_gaussrbf_h8x8,mlp_relu_h64x64
2250,17.562260193746553,30.50621595768977,1670887.15,MountainCarContinuous-v0,kan_gaussrbf_h8x8,mlp_relu_h64x64
2300,38.82928284181308,48.55693886109875,1686403.55,MountainCarContinuous-v0,kan_gaussrbf_h8x8,mlp_relu_h64x64
2350,22.44952788643881,32.943042760998075,1701823.75,MountainCarContinuous-v0,kan_gaussrbf_h8x8,mlp_relu_h64x64
2400,27.689813307202474,34.43981139209784,1716886.9,MountainCarContinuous-v0,kan_gaussrbf_h8x8,mlp_relu_h64x64
2450,20.65332993122842,27.933039520657953,1731768.95,MountainCarContinuous-v0,kan_gaussrbf_h8x8,mlp_relu_h64x64
2500,18.890731333243966,28.21162482694383,1746239.65,MountainCarContinuous-v0,kan_gaussrbf_h8x8,mlp_relu_h64x64
2550,18.808648575826847,29.609297769755404,1760360.3,MountainCarContinuous-v0,kan_gaussrbf_h8x8,mlp_relu_h64x64
2600,20.024387115272635,33.051146872045976,1774380.7,MountainCarContinuous-v0,kan_gaussrbf_h8x8,mlp_relu_h64x64
2650,17.08712017144587,28.875110076924486,1788520.3,MountainCarContinuous-v0,kan_gaussrbf_h8x8,mlp_relu_h64x64
2700,18.325937039112848,27.88143237551143,1801839.4,MountainCarContinuous-v0,kan_gaussrbf_h8x8,mlp_relu_h64x64
2750,13.791045799920852,27.450368520506693,1815136.0,MountainCarContinuous-v0,kan_gaussrbf_h8x8,mlp_relu_h64x64
2800,14.042323110225073,27.75723778971307,1827913.25,MountainCarContinuous-v0,kan_gaussrbf_h8x8,mlp_relu_h64x64
2850,14.592913232028428,27.280121669978545,1840632.85,MountainCarContinuous-v0,kan_gaussrbf_h8x8,mlp_relu_h64x64
2900,12.839909961063407,27.98568112842637,1853163.75,MountainCarContinuous-v0,kan_gaussrbf_h8x8,mlp_relu_h64x64
2950,12.38769089045943,28.554266313493095,1865455.85,MountainCarContinuous-v0,kan_gaussrbf_h8x8,mlp_relu_h64x64
3000,13.6061882668178,28.368074722840312,1877581.7,MountainCarContinuous-v0,kan_gaussrbf_h8x8,mlp_relu_h64x64
3050,12.354128561678369,28.581648483722375,1889489.65,MountainCarContinuous-v0,kan_gaussrbf_h8x8,mlp_relu_h64x64
3100,12.228090744026115,28.56425352955165,1901126.35,MountainCarContinuous-v0,kan_gaussrbf_h8x8,mlp_relu_h64x64
3150,11.850780890743607,28.50948786203707,1912766.35,MountainCarContinuous-v0,kan_gaussrbf_h8x8,mlp_relu_h64x64
3200,12.245854297268735,28.482647134826657,1924326.7,MountainCarContinuous-v0,kan_gaussrbf_h8x8,mlp_relu_h64x64
3250,11.56158984029468,28.714228021907857,1935248.4,MountainCarContinuous-v0,kan_gaussrbf_h8x8,mlp_relu_h64x64
3300,11.123277536214,29.05054295009435,1946071.0,MountainCarContinuous-v0,kan_gaussrbf_h8x8,mlp_relu_h64x64
3350,10.803287874552133,29.00955689812195,1956700.35,MountainCarContinuous-v0,kan_gaussrbf_h8x8,mlp_relu_h64x64
3400,10.32545450604984,28.67863826980653,1967076.05,MountainCarContinuous-v0,kan_gaussrbf_h8x8,mlp_relu_h64x64
3450,0.3531367932192765,3.6180356116307317,1976940.15,MountainCarContinuous-v0,kan_gaussrbf_h8x8,mlp_relu_h64x64
3500,0.022525160131790754,2.6455275399894234,1985625.2,MountainCarContinuous-v0,kan_gaussrbf_h8x8,mlp_relu_h64x64
3550,-0.5728898700234296,2.945002592214002,1993984.95,MountainCarContinuous-v0,kan_gaussrbf_h8x8,mlp_relu_h64x64
3600,-0.9972327605057231,3.6513377801084386,2001982.25,MountainCarContinuous-v0,kan_gaussrbf_h8x8,mlp_relu_h64x64
3650,1.0962515384186773,6.48777816543561,2010008.25,MountainCarContinuous-v0,kan_gaussrbf_h8x8,mlp_relu_h64x64
3700,-0.7570437332633049,0.9335158447763142,2018035.95,MountainCarContinuous-v0,kan_gaussrbf_h8x8,mlp_relu_h64x64
3750,-1.06921121379619,1.4779401651541804,2025839.3,MountainCarContinuous-v0,kan_gaussrbf_h8x8,mlp_relu_h64x64
3800,-1.3349597571229836,1.1525370507132768,2033479.0,MountainCarContinuous-v0,kan_gaussrbf_h8x8,mlp_relu_h64x64
3850,-0.5237077460253644,0.8043170106013552,2040816.8,MountainCarContinuous-v0,kan_gaussrbf_h8x8,mlp_relu_h64x64
3900,-0.9066580686086738,1.4673554091650687,2047922.75,MountainCarContinuous-v0,kan_gaussrbf_h8x8,mlp_relu_h64x64
3950,-1.133855221419526,1.8596157336888381,2054943.05,MountainCarContinuous-v0,kan_gaussrbf_h8x8,mlp_relu_h64x64
4000,-0.23549464560504987,1.2728797835782295,2061891.5,MountainCarContinuous-v0,kan_gaussrbf_h8x8,mlp_relu_h64x64
4050,-0.6886632725677643,1.4016640480390803,2068566.7,MountainCarContinuous-v0,kan_gaussrbf_h8x8,mlp_relu_h64x64
4100,-0.39223826666076744,1.3210807884848836,2075149.8,MountainCarContinuous-v0,kan_gaussrbf_h8x8,mlp_relu_h64x64
4150,0.022194108650693066,1.40428486170381,2081743.65,MountainCarContinuous-v0,kan_gaussrbf_h8x8,mlp_relu_h64x64
4200,0.060593907321700155,1.9138707804705084,2088229.05,MountainCarContinuous-v0,kan_gaussrbf_h8x8,mlp_relu_h64x64
4250,0.12795060819064616,1.9400339539557978,2094639.0,MountainCarContinuous-v0,kan_gaussrbf_h8x8,mlp_relu_h64x64
4300,-0.161832768898239,0.9317893221062828,2101125.1,MountainCarContinuous-v0,kan_gaussrbf_h8x8,mlp_relu_h64x64
4350,0.060369581661703364,1.6565569609922848,2107453.8,MountainCarContinuous-v0,kan_gaussrbf_h8x8,mlp_relu_h64x64
4400,0.6467153110471685,2.466724217796327,2113717.6,MountainCarContinuous-v0,kan_gaussrbf_h8x8,mlp_relu_h64x64
4450,0.3251207587738406,1.6662792422956298,2119903.15,MountainCarContinuous-v0,kan_gaussrbf_h8x8,mlp_relu_h64x64
4500,0.06336587660694164,1.227101919544079,2125993.65,MountainCarContinuous-v0,kan_gaussrbf_h8x8,mlp_relu_h64x64
4550,0.11247330335006182,1.2979232245740333,2132228.25,MountainCarContinuous-v0,kan_gaussrbf_h8x8,mlp_relu_h64x64
4600,-0.1376121320515992,1.8488811064322483,2138291.45,MountainCarContinuous-v0,kan_gaussrbf_h8x8,mlp_relu_h64x64
4650,-0.47587066914419296,1.4870629147634578,2144253.15,MountainCarContinuous-v0,kan_gaussrbf_h8x8,mlp_relu_h64x64
4700,0.10577285516453686,1.644662942911154,2150146.2,MountainCarContinuous-v0,kan_gaussrbf_h8x8,mlp_relu_h64x64
4750,-0.001842154827249942,1.4061086194077026,2155852.55,MountainCarContinuous-v0,kan_gaussrbf_h8x8,mlp_relu_h64x64
4800,-0.3557538526649623,1.3913615969574529,2161521.5,MountainCarContinuous-v0,kan_gaussrbf_h8x8,mlp_relu_h64x64
4850,-0.569143738245829,1.267939615348372,2167049.75,MountainCarContinuous-v0,kan_gaussrbf_h8x8,mlp_relu_h64x64
4900,-0.49021865591798386,1.390243374634006,2172460.65,MountainCarContinuous-v0,kan_gaussrbf_h8x8,mlp_relu_h64x64
4950,-0.20033700100851917,1.5028987534073919,2177833.7,MountainCarContinuous-v0,kan_gaussrbf_h8x8,mlp_relu_h64x64
5000,-0.2834102628729241,1.3128763673506467,2183173.65,MountainCarContinuous-v0,kan_gaussrbf_h8x8,mlp_relu_h64x64
5050,-0.2978116440337189,1.268612775596274,2188419.8,MountainCarContinuous-v0,kan_gaussrbf_h8x8,mlp_relu_h64x64
5100,-0.5200057379120878,1.3609701697794954,2193503.75,MountainCarContinuous-v0,kan_gaussrbf_h8x8,mlp_relu_h64x64
5150,-0.11430692784766591,1.2850203697775278,2198534.8,MountainCarContinuous-v0,kan_gaussrbf_h8x8,mlp_relu_h64x64
5200,-0.6901846284850691,1.3308069862739853,2203456.75,MountainCarContinuous-v0,kan_gaussrbf_h8x8,mlp_relu_h64x64
5250,-0.12821175721082767,1.3191997028226274,2208265.0,MountainCarContinuous-v0,kan_gaussrbf_h8x8,mlp_relu_h64x64
5300,-0.20340191638162822,1.3692999603469522,2212979.9,MountainCarContinuous-v0,kan_gaussrbf_h8x8,mlp_relu_h64x64
5350,-0.023047195082398275,1.0598771007363785,2217674.45,MountainCarContinuous-v0,kan_gaussrbf_h8x8,mlp_relu_h64x64
5400,-0.22463261613978602,1.5223883249070616,2222305.3,MountainCarContinuous-v0,kan_gaussrbf_h8x8,mlp_relu_h64x64
5450,-0.12244833482700272,1.5144280548629694,2226949.6,MountainCarContinuous-v0,kan_gaussrbf_h8x8,mlp_relu_h64x64
5500,-0.23794932655651735,1.127599993663044,2231513.35,MountainCarContinuous-v0,kan_gaussrbf_h8x8,mlp_relu_h64x64
5550,0.04978752993281858,1.53298346121231,2236043.85,MountainCarContinuous-v0,kan_gaussrbf_h8x8,mlp_relu_h64x64
5600,0.00879160606356777,1.42856383284511,2240486.85,MountainCarContinuous-v0,kan_gaussrbf_h8x8,mlp_relu_h64x64
5650,-0.07653122466807787,1.5224729249201978,2244978.25,MountainCarContinuous-v0,kan_gaussrbf_h8x8,mlp_relu_h64x64
5700,-0.15781280601658523,1.1199616687456315,2249460.75,MountainCarContinuous-v0,kan_gaussrbf_h8x8,mlp_relu_h64x64
5750,-0.012570258154566716,0.8559871925964353,2253844.9,MountainCarContinuous-v0,kan_gaussrbf_h8x8,mlp_relu_h64x64
5800,0.00926138258437561,0.9747897372043648,2258119.5,MountainCarContinuous-v0,kan_gaussrbf_h8x8,mlp_relu_h64x64
5850,0.4078381366402283,1.15201383706551,2262434.35,MountainCarContinuous-v0,kan_gaussrbf_h8x8,mlp_relu_h64x64
5900,0.037508950369802105,0.944190105375649,2266594.1,MountainCarContinuous-v0,kan_gaussrbf_h8x8,mlp_relu_h64x64
5950,0.10428432551356366,1.276191232373948,2270734.55,MountainCarContinuous-v0,kan_gaussrbf_h8x8,mlp_relu_h64x64
6000,0.07906107381613055,1.1599942074809604,2274807.2,MountainCarContinuous-v0,kan_gaussrbf_h8x8,mlp_relu_h64x64
50,-53.64489879735993,46.14560302097917,10000.0,Pendulum-v1,kan_gaussrbf_h16x16,mlp_relu_h32x32
100,13.04639732848957,27.3858847291688,20000.0,Pendulum-v1,kan_gaussrbf_h16x16,mlp_relu_h32x32
150,19.281073313521212,26.207528855516898,30000.0,Pendulum-v1,kan_gaussrbf_h16x16,mlp_relu_h32x32
200,2.4638657600580247,64.10183845491814,40000.0,Pendulum-v1,kan_gaussrbf_h16x16,mlp_relu_h32x32
250,-53.69799272863527,58.71244875078143,50000.0,Pendulum-v1,kan_gaussrbf_h16x16,mlp_relu_h32x32
300,22.264546332938515,78.71882128035855,60000.0,Pendulum-v1,kan_gaussrbf_h16x16,mlp_relu_h32x32
350,37.836192008957596,120.2985947132198,70000.0,Pendulum-v1,kan_gaussrbf_h16x16,mlp_relu_h32x32
400,64.76411011316982,95.98623134443683,80000.0,Pendulum-v1,kan_gaussrbf_h16x16,mlp_relu_h32x32
450,251.0342235426071,75.11094181844526,90000.0,Pendulum-v1,kan_gaussrbf_h16x16,mlp_relu_h32x32
500,7.308336806022385,154.4117177003587,100000.0,Pendulum-v1,kan_gaussrbf_h16x16,mlp_relu_h32x32
550,364.38938611117715,106.72335988991809,110000.0,Pendulum-v1,kan_gaussrbf_h16x16,mlp_relu_h32x32
600,243.53277519570617,81.49861777641412,120000.0,Pendulum-v1,kan_gaussrbf_h16x16,mlp_relu_h32x32
650,353.22822530506085,69.6611541906477,130000.0,Pendulum-v1,kan_gaussrbf_h16x16,mlp_relu_h32x32
700,209.71858029460137,128.02906702176367,140000.0,Pendulum-v1,kan_gaussrbf_h16x16,mlp_relu_h32x32
750,439.45873238309844,139.45412931837137,150000.0,Pendulum-v1,kan_gaussrbf_h16x16,mlp_relu_h32x32
800,422.9122507239452,87.33009215372701,160000.0,Pendulum-v1,kan_gaussrbf_h16x16,mlp_relu_h32x32
850,414.97171085786306,207.11481029817952,170000.0,Pendulum-v1,kan_gaussrbf_h16x16,mlp_relu_h32x32
900,413.30136905970323,164.22089778946483,180000.0,Pendulum-v1,kan_gaussrbf_h16x16,mlp_relu_h32x32
950,608.308601495293,203.54407723767477,190000.0,Pendulum-v1,kan_gaussrbf_h16x16,mlp_relu_h32x32
1000,532.0927110486479,221.60618351453675,200000.0,Pendulum-v1,kan_gaussrbf_h16x16,mlp_relu_h32x32
1050,503.1893351826333,242.37892779754125,210000.0,Pendulum-v1,kan_gaussrbf_h16x16,mlp_relu_h32x32
1100,551.6696799930648,256.536425613866,220000.0,Pendulum-v1,kan_gaussrbf_h16x16,mlp_relu_h32x32
1150,676.0269540695328,121.29249431585497,230000.0,Pendulum-v1,kan_gaussrbf_h16x16,mlp_relu_h32x32
1200,547.4775007988604,226.02017773567113,240000.0,Pendulum-v1,kan_gaussrbf_h16x16,mlp_relu_h32x32
1250,657.3099438465522,195.0939656884152,250000.0,Pendulum-v1,kan_gaussrbf_h16x16,mlp_relu_h32x32
1300,582.5234134562094,319.62534657186035,260000.0,Pendulum-v1,kan_gaussrbf_h16x16,mlp_relu_h32x32
1350,592.9558094077979,226.45965363836493,270000.0,Pendulum-v1,kan_gaussrbf_h16x16,mlp_relu_h32x32
1400,635.1433776626278,134.25175371098055,280000.0,Pendulum-v1,kan_gaussrbf_h16x16,mlp_relu_h32x32
1450,416.32649283258513,186.46601957351064,290000.0,Pendulum-v1,kan_gaussrbf_h16x16,mlp_relu_h32x32
1500,704.1075127726215,157.68593770120304,300000.0,Pendulum-v1,kan_gaussrbf_h16x16,mlp_relu_h32x32
1550,618.5531720222028,227.4455995586624,310000.0,Pendulum-v1,kan_gaussrbf_h16x16,mlp_relu_h32x32
1600,538.872136735177,152.62931050075065,320000.0,Pendulum-v1,kan_gaussrbf_h16x16,mlp_relu_h32x32
1650,565.1113773764729,246.89387082240526,330000.0,Pendulum-v1,kan_gaussrbf_h16x16,mlp_relu_h32x32
1700,730.7243410862009,195.94994042225065,340000.0,Pendulum-v1,kan_gaussrbf_h16x16,mlp_relu_h32x32
1750,683.3721023827339,205.18560644614783,350000.0,Pendulum-v1,kan_gaussrbf_h16x16,mlp_relu_h32x32
1800,781.2378269644494,84.9069040117388,360000.0,Pendulum-v1,kan_gaussrbf_h16x16,mlp_relu_h32x32
1850,573.4400205055259,163.30823726558972,370000.0,Pendulum-v1,kan_gaussrbf_h16x16,mlp_relu_h32x32
1900,607.0417934081784,211.15937652978045,380000.0,Pendulum-v1,kan_gaussrbf_h16x16,mlp_relu_h32x32
1950,649.3340443493573,191.5400258169748,390000.0,Pendulum-v1,kan_gaussrbf_h16x16,mlp_relu_h32x32
2000,709.7272342314031,144.52585690255697,400000.0,Pendulum-v1,kan_gaussrbf_h16x16,mlp_relu_h32x32
2050,698.8813430443022,118.95801853165106,410000.0,Pendulum-v1,kan_gaussrbf_h16x16,mlp_relu_h32x32
2100,950.7349519929321,89.37136321395148,420000.0,Pendulum-v1,kan_gaussrbf_h16x16,mlp_relu_h32x32
2150,689.5489986133858,171.1775886553558,430000.0,Pendulum-v1,kan_gaussrbf_h16x16,mlp_relu_h32x32
2200,734.9012036674984,220.07361041547713,440000.0,Pendulum-v1,kan_gaussrbf_h16x16,mlp_relu_h32x32
2250,703.496585692343,107.88583125461355,450000.0,Pendulum-v1,kan_gaussrbf_h16x16,mlp_relu_h32x32
2300,510.4937043461806,221.78625990733525,460000.0,Pendulum-v1,kan_gaussrbf_h16x16,mlp_relu_h32x32
2350,669.96544662616,238.33973327698425,470000.0,Pendulum-v1,kan_gaussrbf_h16x16,mlp_relu_h32x32
2400,602.4332668449921,241.86092936997156,480000.0,Pendulum-v1,kan_gaussrbf_h16x16,mlp_relu_h32x32
2450,774.411670932572,178.61964720959492,490000.0,Pendulum-v1,kan_gaussrbf_h16x16,mlp_relu_h32x32
2500,657.2743256910962,204.1128564572011,500000.0,Pendulum-v1,kan_gaussrbf_h16x16,mlp_relu_h32x32
2550,616.5403261388739,226.8741705870091,510000.0,Pendulum-v1,kan_gaussrbf_h16x16,mlp_relu_h32x32
2600,570.6246634154446,277.0886906931354,520000.0,Pendulum-v1,kan_gaussrbf_h16x16,mlp_relu_h32x32
2650,641.0024462611723,175.40071425222754,530000.0,Pendulum-v1,kan_gaussrbf_h16x16,mlp_relu_h32x32
2700,538.57100691795,178.09231132848763,540000.0,Pendulum-v1,kan_gaussrbf_h16x16,mlp_relu_h32x32
2750,626.4179821516142,209.10204569209986,550000.0,Pendulum-v1,kan_gaussrbf_h16x16,mlp_relu_h32x32
2800,568.9471637303031,180.61879660803422,560000.0,Pendulum-v1,kan_gaussrbf_h16x16,mlp_relu_h32x32
2850,380.9618591054256,232.19310394142147,570000.0,Pendulum-v1,kan_gaussrbf_h16x16,mlp_relu_h32x32
2900,507.2091472042256,205.3325592570539,580000.0,Pendulum-v1,kan_gaussrbf_h16x16,mlp_relu_h32x32
2950,732.3078998373937,279.20624208515306,590000.0,Pendulum-v1,kan_gaussrbf_h16x16,mlp_relu_h32x32
3000,620.2277499550362,183.80067734221151,600000.0,Pendulum-v1,kan_gaussrbf_h16x16,mlp_relu_h32x32
3050,732.3852018550294,193.58298133744134,610000.0,Pendulum-v1,kan_gaussrbf_h16x16,mlp_relu_h32x32
3100,405.9118126005539,179.99687949908525,620000.0,Pendulum-v1,kan_gaussrbf_h16x16,mlp_relu_h32x32
3150,450.7723325678676,281.1855184096524,630000.0,Pendulum-v1,kan_gaussrbf_h16x16,mlp_relu_h32x32
3200,586.2960915977042,192.31467980972872,640000.0,Pendulum-v1,kan_gaussrbf_h16x16,mlp_relu_h32x32
3250,301.63577436012025,170.10825059626427,650000.0,Pendulum-v1,kan_gaussrbf_h16x16,mlp_relu_h32x32
3300,783.7144694142224,248.0804944453138,660000.0,Pendulum-v1,kan_gaussrbf_h16x16,mlp_relu_h32x32
3350,607.9171506143038,135.232439302117,670000.0,Pendulum-v1,kan_gaussrbf_h16x16,mlp_relu_h32x32
3400,432.9560158558578,248.13945403612425,680000.0,Pendulum-v1,kan_gaussrbf_h16x16,mlp_relu_h32x32
3450,557.8581867927467,158.4052637506708,690000.0,Pendulum-v1,kan_gaussrbf_h16x16,mlp_relu_h32x32
3500,523.8804067439487,176.44406171798514,700000.0,Pendulum-v1,kan_gaussrbf_h16x16,mlp_relu_h32x32
3550,357.4233378881523,155.90415533221986,710000.0,Pendulum-v1,kan_gaussrbf_h16x16,mlp_relu_h32x32
3600,290.16532260237324,205.42334661921998,720000.0,Pendulum-v1,kan_gaussrbf_h16x16,mlp_relu_h32x32
3650,325.7249899474873,175.7883821591275,730000.0,Pendulum-v1,kan_gaussrbf_h16x16,mlp_relu_h32x32
3700,547.7347764472769,260.4000152603764,740000.0,Pendulum-v1,kan_gaussrbf_h16x16,mlp_relu_h32x32
3750,483.23390570490926,189.9624980632573,750000.0,Pendulum-v1,kan_gaussrbf_h16x16,mlp_relu_h32x32
3800,470.62015400890385,256.7358869285614,760000.0,Pendulum-v1,kan_gaussrbf_h16x16,mlp_relu_h32x32
3850,392.38298988208726,358.5695884974263,770000.0,Pendulum-v1,kan_gaussrbf_h16x16,mlp_relu_h32x32
3900,318.20040880979053,320.8919493143748,780000.0,Pendulum-v1,kan_gaussrbf_h16x16,mlp_relu_h32x32
3950,176.57271592091737,339.17049257425657,790000.0,Pendulum-v1,kan_gaussrbf_h16x16,mlp_relu_h32x32
4000,63.97386292774714,310.019626330594,800000.0,Pendulum-v1,kan_gaussrbf_h16x16,mlp_relu_h32x32
4050,380.2338214916826,225.54593109935033,810000.0,Pendulum-v1,kan_gaussrbf_h16x16,mlp_relu_h32x32
4100,358.32940550072163,173.22143936628436,820000.0,Pendulum-v1,kan_gaussrbf_h16x16,mlp_relu_h32x32
4150,89.1924401619684,451.379503576647,830000.0,Pendulum-v1,kan_gaussrbf_h16x16,mlp_relu_h32x32
4200,177.82600221321664,324.63780285420563,840000.0,Pendulum-v1,kan_gaussrbf_h16x16,mlp_relu_h32x32
4250,143.116929929454,389.2316221836047,850000.0,Pendulum-v1,kan_gaussrbf_h16x16,mlp_relu_h32x32
4300,276.0656878456738,282.36307268070965,860000.0,Pendulum-v1,kan_gaussrbf_h16x16,mlp_relu_h32x32
4350,183.24473749647092,291.1575062509018,870000.0,Pendulum-v1,kan_gaussrbf_h16x16,mlp_relu_h32x32
4400,124.86373914976858,316.44831779761716,880000.0,Pendulum-v1,kan_gaussrbf_h16x16,mlp_relu_h32x32
4450,171.9369316195206,317.22842263359615,890000.0,Pendulum-v1,kan_gaussrbf_h16x16,mlp_relu_h32x32
4500,152.04246133839018,262.44998046994914,900000.0,Pendulum-v1,kan_gaussrbf_h16x16,mlp_relu_h32x32
4550,-72.80648738494071,459.5716487381676,910000.0,Pendulum-v1,kan_gaussrbf_h16x16,mlp_relu_h32x32
4600,-17.04782723737485,302.31455219338034,920000.0,Pendulum-v1,kan_gaussrbf_h16x16,mlp_relu_h32x32
4650,37.818861211560105,323.9235647079741,930000.0,Pendulum-v1,kan_gaussrbf_h16x16,mlp_relu_h32x32
4700,-36.65987772330054,352.139418112064,940000.0,Pendulum-v1,kan_gaussrbf_h16x16,mlp_relu_h32x32
4750,71.73192808663626,137.8158019791993,950000.0,Pendulum-v1,kan_gaussrbf_h16x16,mlp_relu_h32x32
4800,-78.17976124904274,360.95005917559683,960000.0,Pendulum-v1,kan_gaussrbf_h16x16,mlp_relu_h32x32
4850,-161.5024261089634,353.08497906472263,970000.0,Pendulum-v1,kan_gaussrbf_h16x16,mlp_relu_h32x32
4900,-195.6950730404231,399.4073005921352,980000.0,Pendulum-v1,kan_gaussrbf_h16x16,mlp_relu_h32x32
4950,-98.13656375537047,233.9673384019106,990000.0,Pendulum-v1,kan_gaussrbf_h16x16,mlp_relu_h32x32
5000,-66.90300794437606,321.10161632582384,1000000.0,Pendulum-v1,kan_gaussrbf_h16x16,mlp_relu_h32x32
5050,-42.30069681808983,433.9579160303718,1010000.0,Pendulum-v1,kan_gaussrbf_h16x16,mlp_relu_h32x32
5100,-75.31128911719188,412.91915982771496,1020000.0,Pendulum-v1,kan_gaussrbf_h16x16,mlp_relu_h32x32
5150,-130.92803304704682,349.3121892728253,1030000.0,Pendulum-v1,kan_gaussrbf_h16x16,mlp_relu_h32x32
5200,-6.463030420968647,267.6492630679235,1040000.0,Pendulum-v1,kan_gaussrbf_h16x16,mlp_relu_h32x32
5250,-129.14166751650495,294.3690184064821,1050000.0,Pendulum-v1,kan_gaussrbf_h16x16,mlp_relu_h32x32
5300,-162.08473060163934,270.796116414887,1060000.0,Pendulum-v1,kan_gaussrbf_h16x16,mlp_relu_h32x32
5350,-68.87115752272526,334.6056654886207,1070000.0,Pendulum-v1,kan_gaussrbf_h16x16,mlp_relu_h32x32
5400,-245.77400139030243,443.0950132832204,1080000.0,Pendulum-v1,kan_gaussrbf_h16x16,mlp_relu_h32x32
5450,-201.85849218866554,456.58695848780576,1090000.0,Pendulum-v1,kan_gaussrbf_h16x16,mlp_relu_h32x32
5500,-168.80138609368436,431.9606624159085,1100000.0,Pendulum-v1,kan_gaussrbf_h16x16,mlp_relu_h32x32
5550,-126.59223183400324,351.40843455123775,1110000.0,Pendulum-v1,kan_gaussrbf_h16x16,mlp_relu_h32x32
5600,-71.56561262509464,278.6026298554801,1120000.0,Pendulum-v1,kan_gaussrbf_h16x16,mlp_relu_h32x32
5650,-24.929061724614975,204.38378103668097,1130000.0,Pendulum-v1,kan_gaussrbf_h16x16,mlp_relu_h32x32
5700,-215.78818571879847,319.97936236925744,1140000.0,Pendulum-v1,kan_gaussrbf_h16x16,mlp_relu_h32x32
5750,-146.7036510037787,315.7894352736775,1150000.0,Pendulum-v1,kan_gaussrbf_h16x16,mlp_relu_h32x32
5800,-116.14870593988141,493.56397049276706,1160000.0,Pendulum-v1,kan_gaussrbf_h16x16,mlp_relu_h32x32
5850,-174.30801957208058,384.55996775457675,1170000.0,Pendulum-v1,kan_gaussrbf_h16x16,mlp_relu_h32x32
5900,-56.889363476057724,107.9394266398118,1180000.0,Pendulum-v1,kan_gaussrbf_h16x16,mlp_relu_h32x32
5950,-127.67954884386033,274.10265436251746,1190000.0,Pendulum-v1,kan_gaussrbf_h16x16,mlp_relu_h32x32
6000,-112.06566978151677,306.47743312517053,1200000.0,Pendulum-v1,kan_gaussrbf_h16x16,mlp_relu_h32x32
