environment_id,model_family,model_type,model_setup_id,eval_return_mean,eval_return_std,total_n_parameters,actor_n_parameters,critic_n_parameters,seeds
Acrobot-v1,kan,kan_bspline,kan_bspline_h16x16,-94.36,27.65578902629008,7680.0,4000.0,3680.0,10
Acrobot-v1,kan,kan_bspline,kan_bspline_h8x8,-182.18,168.65247502878023,2560.0,1360.0,1200.0,10
Acrobot-v1,kan,kan_bspline,kan_bspline_h8,-423.36,162.15659920788505,1280.0,720.0,560.0,10
Acrobot-v1,kan,kan_bspline,kan_bspline_h4x4,-429.53999999999996,148.93446881095056,960.0,520.0,440.0,10
Acrobot-v1,kan,kan_bspline,kan_bspline_h2,-500.0,0.0,320.0,180.0,140.0,10
Acrobot-v1,kan,kan_bspline,kan_bspline_h4,-500.0,0.0,640.0,360.0,280.0,10
Acrobot-v1,kan,kan_gaussrbf,kan_gaussrbf_h8,-423.8,126.75267255565068,1172.0,659.0,513.0,10
Acrobot-v1,kan,kan_gaussrbf,kan_gaussrbf_h16x16,-491.8,25.930676813380696,6980.0,3635.0,3345.0,10
Acrobot-v1,kan,kan_gaussrbf,kan_gaussrbf_h8x8,-494.46000000000004,17.51901823733281,2340.0,1243.0,1097.0,10
Acrobot-v1,kan,kan_gaussrbf,kan_gaussrbf_h2,-500.0,0.0,296.0,167.0,129.0,10
Acrobot-v1,kan,kan_gaussrbf,kan_gaussrbf_h4,-500.0,0.0,588.0,331.0,257.0,10
Acrobot-v1,kan,kan_gaussrbf,kan_gaussrbf_h4x4,-500.0,0.0,884.0,479.0,405.0,10
Acrobot-v1,mlp,mlp_relu,mlp_relu_h64,-86.82000000000001,10.571849412472728,1156.0,643.0,513.0,10
Acrobot-v1,mlp,mlp_relu,mlp_relu_h32,-87.32000000000001,8.007885003059313,580.0,323.0,257.0,10
Acrobot-v1,mlp,mlp_relu,mlp_relu_h16,-88.5,19.593479641055197,292.0,163.0,129.0,10
Acrobot-v1,mlp,mlp_relu,mlp_relu_h64x64,-90.47999999999999,27.975258910528623,9476.0,4803.0,4673.0,10
Acrobot-v1,mlp,mlp_relu,mlp_relu_h32x32,-115.2,59.08998787160704,2692.0,1379.0,1313.0,10
Acrobot-v1,mlp,mlp_sigmoid,mlp_sigmoid_h64,-163.86,97.76893621641224,1156.0,643.0,513.0,10
Acrobot-v1,mlp,mlp_sigmoid,mlp_sigmoid_h16,-500.0,0.0,292.0,163.0,129.0,10
Acrobot-v1,mlp,mlp_sigmoid,mlp_sigmoid_h32,-500.0,0.0,580.0,323.0,257.0,10
Acrobot-v1,mlp,mlp_sigmoid,mlp_sigmoid_h32x32,-500.0,0.0,2692.0,1379.0,1313.0,10
Acrobot-v1,mlp,mlp_sigmoid,mlp_sigmoid_h64x64,-500.0,0.0,9476.0,4803.0,4673.0,10
CartPole-v1,kan,kan_bspline,kan_bspline_h16x16,500.0,0.0,6880.0,3520.0,3360.0,10
CartPole-v1,kan,kan_bspline,kan_bspline_h8x8,500.0,0.0,2160.0,1120.0,1040.0,10
CartPole-v1,kan,kan_bspline,kan_bspline_h2,417.3,99.45590871224182,220.0,120.0,100.0,10
CartPole-v1,kan,kan_bspline,kan_bspline_h4x4,413.84,100.11854307103488,760.0,400.0,360.0,10
CartPole-v1,kan,kan_bspline,kan_bspline_h8,384.54,126.79677703580114,880.0,480.0,400.0,10
CartPole-v1,kan,kan_bspline,kan_bspline_h4,383.9,121.60311582265389,440.0,240.0,200.0,10
CartPole-v1,kan,kan_gaussrbf,kan_gaussrbf_h16x16,500.0,0.0,6259.0,3202.0,3057.0,10
CartPole-v1,kan,kan_gaussrbf,kan_gaussrbf_h8x8,500.0,0.0,1979.0,1026.0,953.0,10
CartPole-v1,kan,kan_gaussrbf,kan_gaussrbf_h2,454.0,97.00749111967248,205.0,112.0,93.0,10
CartPole-v1,kan,kan_gaussrbf,kan_gaussrbf_h8,448.23999999999995,111.32753677524911,811.0,442.0,369.0,10
CartPole-v1,kan,kan_gaussrbf,kan_gaussrbf_h4x4,446.38,115.65821102618604,703.0,370.0,333.0,10
CartPole-v1,kan,kan_gaussrbf,kan_gaussrbf_h4,328.17999999999995,121.45804762687952,407.0,222.0,185.0,10
CartPole-v1,mlp,mlp_relu,mlp_relu_h64x64,495.71999999999997,13.534548385520665,9155.0,4610.0,4545.0,10
CartPole-v1,mlp,mlp_relu,mlp_relu_h32x32,481.2,59.45082001116554,2531.0,1282.0,1249.0,10
CartPole-v1,mlp,mlp_relu,mlp_relu_h64,392.44,111.549522634568,835.0,450.0,385.0,10
CartPole-v1,mlp,mlp_relu,mlp_relu_h32,138.57999999999998,42.131798495251125,419.0,226.0,193.0,10
CartPole-v1,mlp,mlp_relu,mlp_relu_h16,122.28,4.574518796794064,211.0,114.0,97.0,10
CartPole-v1,mlp,mlp_sigmoid,mlp_sigmoid_h16,469.53999999999996,29.620570930051677,211.0,114.0,97.0,10
CartPole-v1,mlp,mlp_sigmoid,mlp_sigmoid_h32x32,412.82,89.38567869382406,2531.0,1282.0,1249.0,10
CartPole-v1,mlp,mlp_sigmoid,mlp_sigmoid_h32,384.12,110.28327968363008,419.0,226.0,193.0,10
CartPole-v1,mlp,mlp_sigmoid,mlp_sigmoid_h64,288.94,123.23516994393732,835.0,450.0,385.0,10
CartPole-v1,mlp,mlp_sigmoid,mlp_sigmoid_h64x64,247.88000000000002,132.3586440949992,9155.0,4610.0,4545.0,10
MountainCar-v0,kan,kan_bspline,kan_bspline_h16x16,-200.0,0.0,6400.0,3360.0,3040.0,10
MountainCar-v0,kan,kan_bspline,kan_bspline_h2,-200.0,0.0,160.0,100.0,60.0,10
MountainCar-v0,kan,kan_bspline,kan_bspline_h4,-200.0,0.0,320.0,200.0,120.0,10
MountainCar-v0,kan,kan_bspline,kan_bspline_h4x4,-200.0,0.0,640.0,360.0,280.0,10
MountainCar-v0,kan,kan_bspline,kan_bspline_h8,-200.0,0.0,640.0,400.0,240.0,10
MountainCar-v0,kan,kan_bspline,kan_bspline_h8x8,-200.0,0.0,1920.0,1040.0,880.0,10
MountainCar-v0,kan,kan_gaussrbf,kan_gaussrbf_h16x16,-200.0,0.0,5828.0,3059.0,2769.0,10
MountainCar-v0,kan,kan_gaussrbf,kan_gaussrbf_h2,-200.0,0.0,152.0,95.0,57.0,10
MountainCar-v0,kan,kan_gaussrbf,kan_gaussrbf_h4,-200.0,0.0,300.0,187.0,113.0,10
MountainCar-v0,kan,kan_gaussrbf,kan_gaussrbf_h4x4,-200.0,0.0,596.0,335.0,261.0,10
MountainCar-v0,kan,kan_gaussrbf,kan_gaussrbf_h8,-200.0,0.0,596.0,371.0,225.0,10
MountainCar-v0,kan,kan_gaussrbf,kan_gaussrbf_h8x8,-200.0,0.0,1764.0,955.0,809.0,10
MountainCar-v0,mlp,mlp_relu,mlp_relu_h16,-200.0,0.0,164.0,99.0,65.0,10
MountainCar-v0,mlp,mlp_relu,mlp_relu_h32,-200.0,0.0,324.0,195.0,129.0,10
MountainCar-v0,mlp,mlp_relu,mlp_relu_h32x32,-200.0,0.0,2436.0,1251.0,1185.0,10
MountainCar-v0,mlp,mlp_relu,mlp_relu_h64,-200.0,0.0,644.0,387.0,257.0,10
MountainCar-v0,mlp,mlp_relu,mlp_relu_h64x64,-200.0,0.0,8964.0,4547.0,4417.0,10
MountainCar-v0,mlp,mlp_sigmoid,mlp_sigmoid_h16,-200.0,0.0,164.0,99.0,65.0,10
MountainCar-v0,mlp,mlp_sigmoid,mlp_sigmoid_h32,-200.0,0.0,324.0,195.0,129.0,10
MountainCar-v0,mlp,mlp_sigmoid,mlp_sigmoid_h32x32,-200.0,0.0,2436.0,1251.0,1185.0,10
MountainCar-v0,mlp,mlp_sigmoid,mlp_sigmoid_h64,-200.0,0.0,644.0,387.0,257.0,10
MountainCar-v0,mlp,mlp_sigmoid,mlp_sigmoid_h64x64,-200.0,0.0,8964.0,4547.0,4417.0,10
MountainCarContinuous-v0,kan,kan_bspline,kan_bspline_h16x16,74.88265913755305,39.46726586649637,6081.0,3041.0,3040.0,10
MountainCarContinuous-v0,kan,kan_bspline,kan_bspline_h8,72.86672820361034,26.01082181982859,481.0,241.0,240.0,10
MountainCarContinuous-v0,kan,kan_bspline,kan_bspline_h4,35.085434002521126,45.42351680323731,241.0,121.0,120.0,10
MountainCarContinuous-v0,kan,kan_bspline,kan_bspline_h8x8,27.2562666477388,43.92567549143717,1761.0,881.0,880.0,10
MountainCarContinuous-v0,kan,kan_bspline,kan_bspline_h4x4,-0.0016626570690377342,0.0021627968549080426,561.0,281.0,280.0,10
MountainCarContinuous-v0,kan,kan_bspline,kan_bspline_h2,-0.00183582730311401,0.0017387752101379013,121.0,61.0,60.0,10
MountainCarContinuous-v0,kan,kan_gaussrbf,kan_gaussrbf_h8x8,93.67925346135571,1.2139973158764483,1619.0,810.0,809.0,10
MountainCarContinuous-v0,kan,kan_gaussrbf,kan_gaussrbf_h16x16,93.67492987089206,0.03503452437027913,5539.0,2770.0,2769.0,10
MountainCarContinuous-v0,kan,kan_gaussrbf,kan_gaussrbf_h4x4,93.48708087423344,0.7546559787272614,523.0,262.0,261.0,10
MountainCarContinuous-v0,kan,kan_gaussrbf,kan_gaussrbf_h8,92.69989203364776,0.9650967688614859,451.0,226.0,225.0,10
MountainCarContinuous-v0,kan,kan_gaussrbf,kan_gaussrbf_h4,89.78331356330987,1.7851475058851747,227.0,114.0,113.0,10
MountainCarContinuous-v0,kan,kan_gaussrbf,kan_gaussrbf_h2,63.306693412590484,43.727287109355395,115.0,58.0,57.0,10
MountainCarContinuous-v0,mlp,mlp_relu,mlp_relu_h64x64,93.60019238753958,0.21035344867989517,8835.0,4418.0,4417.0,10
MountainCarContinuous-v0,mlp,mlp_relu,mlp_relu_h32x32,46.92506821895326,49.4743866549343,2371.0,1186.0,1185.0,10
MountainCarContinuous-v0,mlp,mlp_relu,mlp_relu_h16,23.0066744703661,30.01855183974302,131.0,66.0,65.0,10
MountainCarContinuous-v0,mlp,mlp_relu,mlp_relu_h32,-7.689879103980874,29.150299602873197,259.0,130.0,129.0,10
MountainCarContinuous-v0,mlp,mlp_relu,mlp_relu_h64,-11.631005513095705,44.65638865199592,515.0,258.0,257.0,10
MountainCarContinuous-v0,mlp,mlp_sigmoid,mlp_sigmoid_h64x64,-0.001626398800957872,0.0015389315056757945,8835.0,4418.0,4417.0,10
MountainCarContinuous-v0,mlp,mlp_sigmoid,mlp_sigmoid_h32x32,-0.0018277550710232837,0.0017501213458912248,2371.0,1186.0,1185.0,10
MountainCarContinuous-v0,mlp,mlp_sigmoid,mlp_sigmoid_h16,-0.013639034461151611,0.01278388847394648,131.0,66.0,65.0,10
MountainCarContinuous-v0,mlp,mlp_sigmoid,mlp_sigmoid_h32,-0.01401244954068875,0.013961090525069556,259.0,130.0,129.0,10
MountainCarContinuous-v0,mlp,mlp_sigmoid,mlp_sigmoid_h64,-0.025698434113187778,0.019724635369148126,515.0,258.0,257.0,10
Pendulum-v1,kan,kan_bspline,kan_bspline_h4x4,-930.3242141570752,179.32846759595424,641.0,321.0,320.0,10
Pendulum-v1,kan,kan_bspline,kan_bspline_h8,-942.3698205912262,49.68179325166383,641.0,321.0,320.0,10
Pendulum-v1,kan,kan_bspline,kan_bspline_h4,-950.5171328400938,47.186750144284645,321.0,161.0,160.0,10
Pendulum-v1,kan,kan_bspline,kan_bspline_h2,-974.2900430467065,40.33884475129625,161.0,81.0,80.0,10
Pendulum-v1,kan,kan_bspline,kan_bspline_h8x8,-1028.4433041874254,81.09648981859814,1921.0,961.0,960.0,10
Pendulum-v1,kan,kan_bspline,kan_bspline_h16x16,-1232.932527583501,158.82280195533738,6401.0,3201.0,3200.0,10
Pendulum-v1,kan,kan_gaussrbf,kan_gaussrbf_h16x16,-356.59196143444854,244.82969927041373,5827.0,2914.0,2913.0,10
Pendulum-v1,kan,kan_gaussrbf,kan_gaussrbf_h8x8,-426.74982269086456,164.20983387472998,1763.0,882.0,881.0,10
Pendulum-v1,kan,kan_gaussrbf,kan_gaussrbf_h4x4,-445.6323072586505,221.96358827222,595.0,298.0,297.0,10
Pendulum-v1,kan,kan_gaussrbf,kan_gaussrbf_h4,-527.2300917978139,236.99990709159027,299.0,150.0,149.0,10
Pendulum-v1,kan,kan_gaussrbf,kan_gaussrbf_h8,-561.0195566551332,247.21773406080288,595.0,298.0,297.0,10
Pendulum-v1,kan,kan_gaussrbf,kan_gaussrbf_h2,-612.4116486017376,277.3216984864262,151.0,76.0,75.0,10
Pendulum-v1,mlp,mlp_relu,mlp_relu_h32x32,-244.52629165293175,97.88200029775665,2435.0,1218.0,1217.0,10
Pendulum-v1,mlp,mlp_relu,mlp_relu_h64x64,-295.38488995701175,153.0661385465561,8963.0,4482.0,4481.0,10
Pendulum-v1,mlp,mlp_relu,mlp_relu_h64,-453.9108033155404,94.78214971789792,643.0,322.0,321.0,10
Pendulum-v1,mlp,mlp_relu,mlp_relu_h32,-708.2027128733793,100.4634376336893,323.0,162.0,161.0,10
Pendulum-v1,mlp,mlp_relu,mlp_relu_h16,-861.5187005697396,49.9887990266656,163.0,82.0,81.0,10
Pendulum-v1,mlp,mlp_sigmoid,mlp_sigmoid_h32,-1109.5605198014487,34.85225991653215,323.0,162.0,161.0,10
Pendulum-v1,mlp,mlp_sigmoid,mlp_sigmoid_h16,-1111.658869358648,21.541454426593212,163.0,82.0,81.0,10
Pendulum-v1,mlp,mlp_sigmoid,mlp_sigmoid_h64,-1116.8312876665573,26.539973339480227,643.0,322.0,321.0,10
Pendulum-v1,mlp,mlp_sigmoid,mlp_sigmoid_h64x64,-1155.3536602051668,57.435661603348215,8963.0,4482.0,4481.0,10
Pendulum-v1,mlp,mlp_sigmoid,mlp_sigmoid_h32x32,-1155.9828863187508,29.025383657244923,2435.0,1218.0,1217.0,10
